-- MySQL dump 10.13  Distrib 8.0.45, for Linux (x86_64)
--
-- Host: localhost    Database: lms_db
-- ------------------------------------------------------
-- Server version	8.0.45

/*!40101 SET @OLD_CHARACTER_SET_CLIENT=@@CHARACTER_SET_CLIENT */;
/*!40101 SET @OLD_CHARACTER_SET_RESULTS=@@CHARACTER_SET_RESULTS */;
/*!40101 SET @OLD_COLLATION_CONNECTION=@@COLLATION_CONNECTION */;
/*!50503 SET NAMES utf8mb4 */;
/*!40103 SET @OLD_TIME_ZONE=@@TIME_ZONE */;
/*!40103 SET TIME_ZONE='+00:00' */;
/*!40014 SET @OLD_UNIQUE_CHECKS=@@UNIQUE_CHECKS, UNIQUE_CHECKS=0 */;
/*!40014 SET @OLD_FOREIGN_KEY_CHECKS=@@FOREIGN_KEY_CHECKS, FOREIGN_KEY_CHECKS=0 */;
/*!40101 SET @OLD_SQL_MODE=@@SQL_MODE, SQL_MODE='NO_AUTO_VALUE_ON_ZERO' */;
/*!40111 SET @OLD_SQL_NOTES=@@SQL_NOTES, SQL_NOTES=0 */;

--
-- Table structure for table `admin`
--

DROP TABLE IF EXISTS `admin`;
/*!40101 SET @saved_cs_client     = @@character_set_client */;
/*!50503 SET character_set_client = utf8mb4 */;
CREATE TABLE `admin` (
  `admin_id` int unsigned NOT NULL AUTO_INCREMENT,
  `admin_name` varchar(191) DEFAULT NULL,
  `admin_email` varchar(191) NOT NULL,
  `admin_pass` varchar(255) NOT NULL,
  PRIMARY KEY (`admin_id`),
  UNIQUE KEY `uq_admin_email` (`admin_email`)
) ENGINE=InnoDB DEFAULT CHARSET=utf8mb4 COLLATE=utf8mb4_0900_ai_ci;
/*!40101 SET character_set_client = @saved_cs_client */;

--
-- Dumping data for table `admin`
--

LOCK TABLES `admin` WRITE;
/*!40000 ALTER TABLE `admin` DISABLE KEYS */;
/*!40000 ALTER TABLE `admin` ENABLE KEYS */;
UNLOCK TABLES;

--
-- Table structure for table `course`
--

DROP TABLE IF EXISTS `course`;
/*!40101 SET @saved_cs_client     = @@character_set_client */;
/*!50503 SET character_set_client = utf8mb4 */;
CREATE TABLE `course` (
  `course_id` int unsigned NOT NULL AUTO_INCREMENT,
  `track_id` int unsigned DEFAULT NULL,
  `course_name` varchar(191) NOT NULL,
  `course_desc` text,
  `course_img` varchar(255) DEFAULT NULL,
  `course_author` varchar(191) DEFAULT NULL,
  `course_duration` varchar(191) NOT NULL DEFAULT '',
  `course_price` decimal(10,2) NOT NULL DEFAULT '0.00',
  `course_original_price` decimal(10,2) NOT NULL DEFAULT '0.00',
  PRIMARY KEY (`course_id`),
  KEY `idx_course_track` (`track_id`),
  CONSTRAINT `fk_course_tracks` FOREIGN KEY (`track_id`) REFERENCES `tracks` (`track_id`) ON DELETE SET NULL ON UPDATE CASCADE
) ENGINE=InnoDB AUTO_INCREMENT=121 DEFAULT CHARSET=utf8mb4 COLLATE=utf8mb4_0900_ai_ci;
/*!40101 SET character_set_client = @saved_cs_client */;

--
-- Dumping data for table `course`
--

LOCK TABLES `course` WRITE;
/*!40000 ALTER TABLE `course` DISABLE KEYS */;
INSERT INTO `course` VALUES (1,1,'cloud Course 1','Auto-seeded course for cloud','course-1-1.jpg','CloudHub','',0.00,0.00),(2,1,'cloud Course 2','Auto-seeded course for cloud','course-1-2.jpg','CloudHub','',0.00,0.00),(3,1,'cloud Course 3','Auto-seeded course for cloud','course-1-3.jpg','CloudHub','',0.00,0.00),(4,1,'cloud Course 4','Auto-seeded course for cloud','course-1-4.jpg','CloudHub','',0.00,0.00),(5,1,'cloud Course 5','Auto-seeded course for cloud','course-1-5.jpg','CloudHub','',0.00,0.00),(6,1,'cloud Course 6','Auto-seeded course for cloud','course-1-6.jpg','CloudHub','',0.00,0.00),(7,1,'cloud Course 7','Auto-seeded course for cloud','course-1-7.jpg','CloudHub','',0.00,0.00),(8,1,'cloud Course 8','Auto-seeded course for cloud','course-1-8.jpg','CloudHub','',0.00,0.00),(9,1,'cloud Course 9','Auto-seeded course for cloud','course-1-9.jpg','CloudHub','',0.00,0.00),(10,1,'cloud Course 10','Auto-seeded course for cloud','course-1-10.jpg','CloudHub','',0.00,0.00),(11,1,'cloud Course 11','Auto-seeded course for cloud','course-1-11.jpg','CloudHub','',0.00,0.00),(12,1,'cloud Course 12','Auto-seeded course for cloud','course-1-12.jpg','CloudHub','',0.00,0.00),(13,1,'cloud Course 13','Auto-seeded course for cloud','course-1-13.jpg','CloudHub','',0.00,0.00),(14,1,'cloud Course 14','Auto-seeded course for cloud','course-1-14.jpg','CloudHub','',0.00,0.00),(15,1,'cloud Course 15','Auto-seeded course for cloud','course-1-15.jpg','CloudHub','',0.00,0.00),(16,2,'2	CyberSecurity Course 1','Auto-seeded course for 2	CyberSecurity','course-2-1.jpg','CloudHub','',0.00,0.00),(17,2,'2	CyberSecurity Course 2','Auto-seeded course for 2	CyberSecurity','course-2-2.jpg','CloudHub','',0.00,0.00),(18,2,'2	CyberSecurity Course 3','Auto-seeded course for 2	CyberSecurity','course-2-3.jpg','CloudHub','',0.00,0.00),(19,2,'2	CyberSecurity Course 4','Auto-seeded course for 2	CyberSecurity','course-2-4.jpg','CloudHub','',0.00,0.00),(20,2,'2	CyberSecurity Course 5','Auto-seeded course for 2	CyberSecurity','course-2-5.jpg','CloudHub','',0.00,0.00),(21,2,'2	CyberSecurity Course 6','Auto-seeded course for 2	CyberSecurity','course-2-6.jpg','CloudHub','',0.00,0.00),(22,2,'2	CyberSecurity Course 7','Auto-seeded course for 2	CyberSecurity','course-2-7.jpg','CloudHub','',0.00,0.00),(23,2,'2	CyberSecurity Course 8','Auto-seeded course for 2	CyberSecurity','course-2-8.jpg','CloudHub','',0.00,0.00),(24,2,'2	CyberSecurity Course 9','Auto-seeded course for 2	CyberSecurity','course-2-9.jpg','CloudHub','',0.00,0.00),(25,2,'2	CyberSecurity Course 10','Auto-seeded course for 2	CyberSecurity','course-2-10.jpg','CloudHub','',0.00,0.00),(26,2,'2	CyberSecurity Course 11','Auto-seeded course for 2	CyberSecurity','course-2-11.jpg','CloudHub','',0.00,0.00),(27,2,'2	CyberSecurity Course 12','Auto-seeded course for 2	CyberSecurity','course-2-12.jpg','CloudHub','',0.00,0.00),(28,2,'2	CyberSecurity Course 13','Auto-seeded course for 2	CyberSecurity','course-2-13.jpg','CloudHub','',0.00,0.00),(29,2,'2	CyberSecurity Course 14','Auto-seeded course for 2	CyberSecurity','course-2-14.jpg','CloudHub','',0.00,0.00),(30,2,'2	CyberSecurity Course 15','Auto-seeded course for 2	CyberSecurity','course-2-15.jpg','CloudHub','',0.00,0.00),(31,3,'Science Course 1','Auto-seeded course for Science','course-3-1.jpg','CloudHub','',0.00,0.00),(32,3,'Science Course 2','Auto-seeded course for Science','course-3-2.jpg','CloudHub','',0.00,0.00),(33,3,'Science Course 3','Auto-seeded course for Science','course-3-3.jpg','CloudHub','',0.00,0.00),(34,3,'Science Course 4','Auto-seeded course for Science','course-3-4.jpg','CloudHub','',0.00,0.00),(35,3,'Science Course 5','Auto-seeded course for Science','course-3-5.jpg','CloudHub','',0.00,0.00),(36,3,'Science Course 6','Auto-seeded course for Science','course-3-6.jpg','CloudHub','',0.00,0.00),(37,3,'Science Course 7','Auto-seeded course for Science','course-3-7.jpg','CloudHub','',0.00,0.00),(38,3,'Science Course 8','Auto-seeded course for Science','course-3-8.jpg','CloudHub','',0.00,0.00),(39,3,'Science Course 9','Auto-seeded course for Science','course-3-9.jpg','CloudHub','',0.00,0.00),(40,3,'Science Course 10','Auto-seeded course for Science','course-3-10.jpg','CloudHub','',0.00,0.00),(41,3,'Science Course 11','Auto-seeded course for Science','course-3-11.jpg','CloudHub','',0.00,0.00),(42,3,'Science Course 12','Auto-seeded course for Science','course-3-12.jpg','CloudHub','',0.00,0.00),(43,3,'Science Course 13','Auto-seeded course for Science','course-3-13.jpg','CloudHub','',0.00,0.00),(44,3,'Science Course 14','Auto-seeded course for Science','course-3-14.jpg','CloudHub','',0.00,0.00),(45,3,'Science Course 15','Auto-seeded course for Science','course-3-15.jpg','CloudHub','',0.00,0.00),(46,4,'4	DevOps Course 1','Auto-seeded course for 4	DevOps','course-4-1.jpg','CloudHub','',0.00,0.00),(47,4,'4	DevOps Course 2','Auto-seeded course for 4	DevOps','course-4-2.jpg','CloudHub','',0.00,0.00),(48,4,'4	DevOps Course 3','Auto-seeded course for 4	DevOps','course-4-3.jpg','CloudHub','',0.00,0.00),(49,4,'4	DevOps Course 4','Auto-seeded course for 4	DevOps','course-4-4.jpg','CloudHub','',0.00,0.00),(50,4,'4	DevOps Course 5','Auto-seeded course for 4	DevOps','course-4-5.jpg','CloudHub','',0.00,0.00),(51,4,'4	DevOps Course 6','Auto-seeded course for 4	DevOps','course-4-6.jpg','CloudHub','',0.00,0.00),(52,4,'4	DevOps Course 7','Auto-seeded course for 4	DevOps','course-4-7.jpg','CloudHub','',0.00,0.00),(53,4,'4	DevOps Course 8','Auto-seeded course for 4	DevOps','course-4-8.jpg','CloudHub','',0.00,0.00),(54,4,'4	DevOps Course 9','Auto-seeded course for 4	DevOps','course-4-9.jpg','CloudHub','',0.00,0.00),(55,4,'4	DevOps Course 10','Auto-seeded course for 4	DevOps','course-4-10.jpg','CloudHub','',0.00,0.00),(56,4,'4	DevOps Course 11','Auto-seeded course for 4	DevOps','course-4-11.jpg','CloudHub','',0.00,0.00),(57,4,'4	DevOps Course 12','Auto-seeded course for 4	DevOps','course-4-12.jpg','CloudHub','',0.00,0.00),(58,4,'4	DevOps Course 13','Auto-seeded course for 4	DevOps','course-4-13.jpg','CloudHub','',0.00,0.00),(59,4,'4	DevOps Course 14','Auto-seeded course for 4	DevOps','course-4-14.jpg','CloudHub','',0.00,0.00),(60,4,'4	DevOps Course 15','Auto-seeded course for 4	DevOps','course-4-15.jpg','CloudHub','',0.00,0.00),(61,5,'5	ai Course 1','Auto-seeded course for 5	ai','course-5-1.jpg','CloudHub','',0.00,0.00),(62,5,'5	ai Course 2','Auto-seeded course for 5	ai','course-5-2.jpg','CloudHub','',0.00,0.00),(63,5,'5	ai Course 3','Auto-seeded course for 5	ai','course-5-3.jpg','CloudHub','',0.00,0.00),(64,5,'5	ai Course 4','Auto-seeded course for 5	ai','course-5-4.jpg','CloudHub','',0.00,0.00),(65,5,'5	ai Course 5','Auto-seeded course for 5	ai','course-5-5.jpg','CloudHub','',0.00,0.00),(66,5,'5	ai Course 6','Auto-seeded course for 5	ai','course-5-6.jpg','CloudHub','',0.00,0.00),(67,5,'5	ai Course 7','Auto-seeded course for 5	ai','course-5-7.jpg','CloudHub','',0.00,0.00),(68,5,'5	ai Course 8','Auto-seeded course for 5	ai','course-5-8.jpg','CloudHub','',0.00,0.00),(69,5,'5	ai Course 9','Auto-seeded course for 5	ai','course-5-9.jpg','CloudHub','',0.00,0.00),(70,5,'5	ai Course 10','Auto-seeded course for 5	ai','course-5-10.jpg','CloudHub','',0.00,0.00),(71,5,'5	ai Course 11','Auto-seeded course for 5	ai','course-5-11.jpg','CloudHub','',0.00,0.00),(72,5,'5	ai Course 12','Auto-seeded course for 5	ai','course-5-12.jpg','CloudHub','',0.00,0.00),(73,5,'5	ai Course 13','Auto-seeded course for 5	ai','course-5-13.jpg','CloudHub','',0.00,0.00),(74,5,'5	ai Course 14','Auto-seeded course for 5	ai','course-5-14.jpg','CloudHub','',0.00,0.00),(75,5,'5	ai Course 15','Auto-seeded course for 5	ai','course-5-15.jpg','CloudHub','',0.00,0.00),(76,6,'6	networking Course 1','Auto-seeded course for 6	networking','course-6-1.jpg','CloudHub','',0.00,0.00),(77,6,'6	networking Course 2','Auto-seeded course for 6	networking','course-6-2.jpg','CloudHub','',0.00,0.00),(78,6,'6	networking Course 3','Auto-seeded course for 6	networking','course-6-3.jpg','CloudHub','',0.00,0.00),(79,6,'6	networking Course 4','Auto-seeded course for 6	networking','course-6-4.jpg','CloudHub','',0.00,0.00),(80,6,'6	networking Course 5','Auto-seeded course for 6	networking','course-6-5.jpg','CloudHub','',0.00,0.00),(81,6,'6	networking Course 6','Auto-seeded course for 6	networking','course-6-6.jpg','CloudHub','',0.00,0.00),(82,6,'6	networking Course 7','Auto-seeded course for 6	networking','course-6-7.jpg','CloudHub','',0.00,0.00),(83,6,'6	networking Course 8','Auto-seeded course for 6	networking','course-6-8.jpg','CloudHub','',0.00,0.00),(84,6,'6	networking Course 9','Auto-seeded course for 6	networking','course-6-9.jpg','CloudHub','',0.00,0.00),(85,6,'6	networking Course 10','Auto-seeded course for 6	networking','course-6-10.jpg','CloudHub','',0.00,0.00),(86,6,'6	networking Course 11','Auto-seeded course for 6	networking','course-6-11.jpg','CloudHub','',0.00,0.00),(87,6,'6	networking Course 12','Auto-seeded course for 6	networking','course-6-12.jpg','CloudHub','',0.00,0.00),(88,6,'6	networking Course 13','Auto-seeded course for 6	networking','course-6-13.jpg','CloudHub','',0.00,0.00),(89,6,'6	networking Course 14','Auto-seeded course for 6	networking','course-6-14.jpg','CloudHub','',0.00,0.00),(90,6,'6	networking Course 15','Auto-seeded course for 6	networking','course-6-15.jpg','CloudHub','',0.00,0.00),(91,7,'7	operating Course 1','Auto-seeded course for 7	operating','course-7-1.jpg','CloudHub','',0.00,0.00),(92,7,'7	operating Course 2','Auto-seeded course for 7	operating','course-7-2.jpg','CloudHub','',0.00,0.00),(93,7,'7	operating Course 3','Auto-seeded course for 7	operating','course-7-3.jpg','CloudHub','',0.00,0.00),(94,7,'7	operating Course 4','Auto-seeded course for 7	operating','course-7-4.jpg','CloudHub','',0.00,0.00),(95,7,'7	operating Course 5','Auto-seeded course for 7	operating','course-7-5.jpg','CloudHub','',0.00,0.00),(96,7,'7	operating Course 6','Auto-seeded course for 7	operating','course-7-6.jpg','CloudHub','',0.00,0.00),(97,7,'7	operating Course 7','Auto-seeded course for 7	operating','course-7-7.jpg','CloudHub','',0.00,0.00),(98,7,'7	operating Course 8','Auto-seeded course for 7	operating','course-7-8.jpg','CloudHub','',0.00,0.00),(99,7,'7	operating Course 9','Auto-seeded course for 7	operating','course-7-9.jpg','CloudHub','',0.00,0.00),(100,7,'7	operating Course 10','Auto-seeded course for 7	operating','course-7-10.jpg','CloudHub','',0.00,0.00),(101,7,'7	operating Course 11','Auto-seeded course for 7	operating','course-7-11.jpg','CloudHub','',0.00,0.00),(102,7,'7	operating Course 12','Auto-seeded course for 7	operating','course-7-12.jpg','CloudHub','',0.00,0.00),(103,7,'7	operating Course 13','Auto-seeded course for 7	operating','course-7-13.jpg','CloudHub','',0.00,0.00),(104,7,'7	operating Course 14','Auto-seeded course for 7	operating','course-7-14.jpg','CloudHub','',0.00,0.00),(105,7,'7	operating Course 15','Auto-seeded course for 7	operating','course-7-15.jpg','CloudHub','',0.00,0.00),(106,8,'8	programming Course 1','Auto-seeded course for 8	programming','course-8-1.jpg','CloudHub','',0.00,0.00),(107,8,'8	programming Course 2','Auto-seeded course for 8	programming','course-8-2.jpg','CloudHub','',0.00,0.00),(108,8,'8	programming Course 3','Auto-seeded course for 8	programming','course-8-3.jpg','CloudHub','',0.00,0.00),(109,8,'8	programming Course 4','Auto-seeded course for 8	programming','course-8-4.jpg','CloudHub','',0.00,0.00),(110,8,'8	programming Course 5','Auto-seeded course for 8	programming','course-8-5.jpg','CloudHub','',0.00,0.00),(111,8,'8	programming Course 6','Auto-seeded course for 8	programming','course-8-6.jpg','CloudHub','',0.00,0.00),(112,8,'8	programming Course 7','Auto-seeded course for 8	programming','course-8-7.jpg','CloudHub','',0.00,0.00),(113,8,'8	programming Course 8','Auto-seeded course for 8	programming','course-8-8.jpg','CloudHub','',0.00,0.00),(114,8,'8	programming Course 9','Auto-seeded course for 8	programming','course-8-9.jpg','CloudHub','',0.00,0.00),(115,8,'8	programming Course 10','Auto-seeded course for 8	programming','course-8-10.jpg','CloudHub','',0.00,0.00),(116,8,'8	programming Course 11','Auto-seeded course for 8	programming','course-8-11.jpg','CloudHub','',0.00,0.00),(117,8,'8	programming Course 12','Auto-seeded course for 8	programming','course-8-12.jpg','CloudHub','',0.00,0.00),(118,8,'8	programming Course 13','Auto-seeded course for 8	programming','course-8-13.jpg','CloudHub','',0.00,0.00),(119,8,'8	programming Course 14','Auto-seeded course for 8	programming','course-8-14.jpg','CloudHub','',0.00,0.00),(120,8,'8	programming Course 15','Auto-seeded course for 8	programming','course-8-15.jpg','CloudHub','',0.00,0.00);
/*!40000 ALTER TABLE `course` ENABLE KEYS */;
UNLOCK TABLES;

--
-- Table structure for table `courseorder`
--

DROP TABLE IF EXISTS `courseorder`;
/*!40101 SET @saved_cs_client     = @@character_set_client */;
/*!50503 SET character_set_client = utf8mb4 */;
CREATE TABLE `courseorder` (
  `order_id` int unsigned NOT NULL AUTO_INCREMENT,
  `order_date` timestamp NOT NULL DEFAULT CURRENT_TIMESTAMP,
  `course_id` int unsigned NOT NULL,
  `stu_id` int unsigned NOT NULL,
  `order_amount` decimal(10,2) NOT NULL DEFAULT '0.00',
  `order_status` varchar(50) DEFAULT NULL,
  `txn_id` varchar(100) DEFAULT NULL,
  PRIMARY KEY (`order_id`),
  KEY `idx_order_course` (`course_id`),
  KEY `idx_order_student` (`stu_id`),
  CONSTRAINT `fk_order_course` FOREIGN KEY (`course_id`) REFERENCES `course` (`course_id`) ON DELETE RESTRICT ON UPDATE CASCADE,
  CONSTRAINT `fk_order_student` FOREIGN KEY (`stu_id`) REFERENCES `student` (`stu_id`) ON DELETE RESTRICT ON UPDATE CASCADE
) ENGINE=InnoDB DEFAULT CHARSET=utf8mb4 COLLATE=utf8mb4_0900_ai_ci;
/*!40101 SET character_set_client = @saved_cs_client */;

--
-- Dumping data for table `courseorder`
--

LOCK TABLES `courseorder` WRITE;
/*!40000 ALTER TABLE `courseorder` DISABLE KEYS */;
/*!40000 ALTER TABLE `courseorder` ENABLE KEYS */;
UNLOCK TABLES;

--
-- Table structure for table `feedback`
--

DROP TABLE IF EXISTS `feedback`;
/*!40101 SET @saved_cs_client     = @@character_set_client */;
/*!50503 SET character_set_client = utf8mb4 */;
CREATE TABLE `feedback` (
  `f_id` int unsigned NOT NULL AUTO_INCREMENT,
  `f_content` text NOT NULL,
  `f_date` timestamp NOT NULL DEFAULT CURRENT_TIMESTAMP,
  `stu_id` int unsigned DEFAULT NULL,
  PRIMARY KEY (`f_id`),
  KEY `idx_feedback_student` (`stu_id`),
  CONSTRAINT `fk_feedback_student` FOREIGN KEY (`stu_id`) REFERENCES `student` (`stu_id`) ON DELETE SET NULL ON UPDATE CASCADE
) ENGINE=InnoDB DEFAULT CHARSET=utf8mb4 COLLATE=utf8mb4_0900_ai_ci;
/*!40101 SET character_set_client = @saved_cs_client */;

--
-- Dumping data for table `feedback`
--

LOCK TABLES `feedback` WRITE;
/*!40000 ALTER TABLE `feedback` DISABLE KEYS */;
/*!40000 ALTER TABLE `feedback` ENABLE KEYS */;
UNLOCK TABLES;

--
-- Table structure for table `lesson`
--

DROP TABLE IF EXISTS `lesson`;
/*!40101 SET @saved_cs_client     = @@character_set_client */;
/*!50503 SET character_set_client = utf8mb4 */;
CREATE TABLE `lesson` (
  `lesson_id` int unsigned NOT NULL AUTO_INCREMENT,
  `lesson_name` varchar(191) NOT NULL,
  `lesson_desc` text,
  `lesson_link` varchar(255) DEFAULT NULL,
  `course_id` int unsigned NOT NULL,
  PRIMARY KEY (`lesson_id`),
  KEY `idx_lesson_course` (`course_id`),
  CONSTRAINT `fk_lesson_course` FOREIGN KEY (`course_id`) REFERENCES `course` (`course_id`) ON DELETE CASCADE ON UPDATE CASCADE
) ENGINE=InnoDB AUTO_INCREMENT=1801 DEFAULT CHARSET=utf8mb4 COLLATE=utf8mb4_0900_ai_ci;
/*!40101 SET character_set_client = @saved_cs_client */;

--
-- Dumping data for table `lesson`
--

LOCK TABLES `lesson` WRITE;
/*!40000 ALTER TABLE `lesson` DISABLE KEYS */;
INSERT INTO `lesson` VALUES (1,'Module 1 - cloud Course 1','Auto-seeded lesson 1',NULL,1),(2,'Module 2 - cloud Course 1','Auto-seeded lesson 2',NULL,1),(3,'Module 3 - cloud Course 1','Auto-seeded lesson 3',NULL,1),(4,'Module 4 - cloud Course 1','Auto-seeded lesson 4',NULL,1),(5,'Module 5 - cloud Course 1','Auto-seeded lesson 5',NULL,1),(6,'Module 6 - cloud Course 1','Auto-seeded lesson 6',NULL,1),(7,'Module 7 - cloud Course 1','Auto-seeded lesson 7',NULL,1),(8,'Module 8 - cloud Course 1','Auto-seeded lesson 8',NULL,1),(9,'Module 9 - cloud Course 1','Auto-seeded lesson 9',NULL,1),(10,'Module 10 - cloud Course 1','Auto-seeded lesson 10',NULL,1),(11,'Module 11 - cloud Course 1','Auto-seeded lesson 11',NULL,1),(12,'Module 12 - cloud Course 1','Auto-seeded lesson 12',NULL,1),(13,'Module 13 - cloud Course 1','Auto-seeded lesson 13',NULL,1),(14,'Module 14 - cloud Course 1','Auto-seeded lesson 14',NULL,1),(15,'Module 15 - cloud Course 1','Auto-seeded lesson 15',NULL,1),(16,'Module 1 - cloud Course 2','Auto-seeded lesson 1',NULL,2),(17,'Module 2 - cloud Course 2','Auto-seeded lesson 2',NULL,2),(18,'Module 3 - cloud Course 2','Auto-seeded lesson 3',NULL,2),(19,'Module 4 - cloud Course 2','Auto-seeded lesson 4',NULL,2),(20,'Module 5 - cloud Course 2','Auto-seeded lesson 5',NULL,2),(21,'Module 6 - cloud Course 2','Auto-seeded lesson 6',NULL,2),(22,'Module 7 - cloud Course 2','Auto-seeded lesson 7',NULL,2),(23,'Module 8 - cloud Course 2','Auto-seeded lesson 8',NULL,2),(24,'Module 9 - cloud Course 2','Auto-seeded lesson 9',NULL,2),(25,'Module 10 - cloud Course 2','Auto-seeded lesson 10',NULL,2),(26,'Module 11 - cloud Course 2','Auto-seeded lesson 11',NULL,2),(27,'Module 12 - cloud Course 2','Auto-seeded lesson 12',NULL,2),(28,'Module 13 - cloud Course 2','Auto-seeded lesson 13',NULL,2),(29,'Module 14 - cloud Course 2','Auto-seeded lesson 14',NULL,2),(30,'Module 15 - cloud Course 2','Auto-seeded lesson 15',NULL,2),(31,'Module 1 - cloud Course 3','Auto-seeded lesson 1',NULL,3),(32,'Module 2 - cloud Course 3','Auto-seeded lesson 2',NULL,3),(33,'Module 3 - cloud Course 3','Auto-seeded lesson 3',NULL,3),(34,'Module 4 - cloud Course 3','Auto-seeded lesson 4',NULL,3),(35,'Module 5 - cloud Course 3','Auto-seeded lesson 5',NULL,3),(36,'Module 6 - cloud Course 3','Auto-seeded lesson 6',NULL,3),(37,'Module 7 - cloud Course 3','Auto-seeded lesson 7',NULL,3),(38,'Module 8 - cloud Course 3','Auto-seeded lesson 8',NULL,3),(39,'Module 9 - cloud Course 3','Auto-seeded lesson 9',NULL,3),(40,'Module 10 - cloud Course 3','Auto-seeded lesson 10',NULL,3),(41,'Module 11 - cloud Course 3','Auto-seeded lesson 11',NULL,3),(42,'Module 12 - cloud Course 3','Auto-seeded lesson 12',NULL,3),(43,'Module 13 - cloud Course 3','Auto-seeded lesson 13',NULL,3),(44,'Module 14 - cloud Course 3','Auto-seeded lesson 14',NULL,3),(45,'Module 15 - cloud Course 3','Auto-seeded lesson 15',NULL,3),(46,'Module 1 - cloud Course 4','Auto-seeded lesson 1',NULL,4),(47,'Module 2 - cloud Course 4','Auto-seeded lesson 2',NULL,4),(48,'Module 3 - cloud Course 4','Auto-seeded lesson 3',NULL,4),(49,'Module 4 - cloud Course 4','Auto-seeded lesson 4',NULL,4),(50,'Module 5 - cloud Course 4','Auto-seeded lesson 5',NULL,4),(51,'Module 6 - cloud Course 4','Auto-seeded lesson 6',NULL,4),(52,'Module 7 - cloud Course 4','Auto-seeded lesson 7',NULL,4),(53,'Module 8 - cloud Course 4','Auto-seeded lesson 8',NULL,4),(54,'Module 9 - cloud Course 4','Auto-seeded lesson 9',NULL,4),(55,'Module 10 - cloud Course 4','Auto-seeded lesson 10',NULL,4),(56,'Module 11 - cloud Course 4','Auto-seeded lesson 11',NULL,4),(57,'Module 12 - cloud Course 4','Auto-seeded lesson 12',NULL,4),(58,'Module 13 - cloud Course 4','Auto-seeded lesson 13',NULL,4),(59,'Module 14 - cloud Course 4','Auto-seeded lesson 14',NULL,4),(60,'Module 15 - cloud Course 4','Auto-seeded lesson 15',NULL,4),(61,'Module 1 - cloud Course 5','Auto-seeded lesson 1',NULL,5),(62,'Module 2 - cloud Course 5','Auto-seeded lesson 2',NULL,5),(63,'Module 3 - cloud Course 5','Auto-seeded lesson 3',NULL,5),(64,'Module 4 - cloud Course 5','Auto-seeded lesson 4',NULL,5),(65,'Module 5 - cloud Course 5','Auto-seeded lesson 5',NULL,5),(66,'Module 6 - cloud Course 5','Auto-seeded lesson 6',NULL,5),(67,'Module 7 - cloud Course 5','Auto-seeded lesson 7',NULL,5),(68,'Module 8 - cloud Course 5','Auto-seeded lesson 8',NULL,5),(69,'Module 9 - cloud Course 5','Auto-seeded lesson 9',NULL,5),(70,'Module 10 - cloud Course 5','Auto-seeded lesson 10',NULL,5),(71,'Module 11 - cloud Course 5','Auto-seeded lesson 11',NULL,5),(72,'Module 12 - cloud Course 5','Auto-seeded lesson 12',NULL,5),(73,'Module 13 - cloud Course 5','Auto-seeded lesson 13',NULL,5),(74,'Module 14 - cloud Course 5','Auto-seeded lesson 14',NULL,5),(75,'Module 15 - cloud Course 5','Auto-seeded lesson 15',NULL,5),(76,'Module 1 - cloud Course 6','Auto-seeded lesson 1',NULL,6),(77,'Module 2 - cloud Course 6','Auto-seeded lesson 2',NULL,6),(78,'Module 3 - cloud Course 6','Auto-seeded lesson 3',NULL,6),(79,'Module 4 - cloud Course 6','Auto-seeded lesson 4',NULL,6),(80,'Module 5 - cloud Course 6','Auto-seeded lesson 5',NULL,6),(81,'Module 6 - cloud Course 6','Auto-seeded lesson 6',NULL,6),(82,'Module 7 - cloud Course 6','Auto-seeded lesson 7',NULL,6),(83,'Module 8 - cloud Course 6','Auto-seeded lesson 8',NULL,6),(84,'Module 9 - cloud Course 6','Auto-seeded lesson 9',NULL,6),(85,'Module 10 - cloud Course 6','Auto-seeded lesson 10',NULL,6),(86,'Module 11 - cloud Course 6','Auto-seeded lesson 11',NULL,6),(87,'Module 12 - cloud Course 6','Auto-seeded lesson 12',NULL,6),(88,'Module 13 - cloud Course 6','Auto-seeded lesson 13',NULL,6),(89,'Module 14 - cloud Course 6','Auto-seeded lesson 14',NULL,6),(90,'Module 15 - cloud Course 6','Auto-seeded lesson 15',NULL,6),(91,'Module 1 - cloud Course 7','Auto-seeded lesson 1',NULL,7),(92,'Module 2 - cloud Course 7','Auto-seeded lesson 2',NULL,7),(93,'Module 3 - cloud Course 7','Auto-seeded lesson 3',NULL,7),(94,'Module 4 - cloud Course 7','Auto-seeded lesson 4',NULL,7),(95,'Module 5 - cloud Course 7','Auto-seeded lesson 5',NULL,7),(96,'Module 6 - cloud Course 7','Auto-seeded lesson 6',NULL,7),(97,'Module 7 - cloud Course 7','Auto-seeded lesson 7',NULL,7),(98,'Module 8 - cloud Course 7','Auto-seeded lesson 8',NULL,7),(99,'Module 9 - cloud Course 7','Auto-seeded lesson 9',NULL,7),(100,'Module 10 - cloud Course 7','Auto-seeded lesson 10',NULL,7),(101,'Module 11 - cloud Course 7','Auto-seeded lesson 11',NULL,7),(102,'Module 12 - cloud Course 7','Auto-seeded lesson 12',NULL,7),(103,'Module 13 - cloud Course 7','Auto-seeded lesson 13',NULL,7),(104,'Module 14 - cloud Course 7','Auto-seeded lesson 14',NULL,7),(105,'Module 15 - cloud Course 7','Auto-seeded lesson 15',NULL,7),(106,'Module 1 - cloud Course 8','Auto-seeded lesson 1',NULL,8),(107,'Module 2 - cloud Course 8','Auto-seeded lesson 2',NULL,8),(108,'Module 3 - cloud Course 8','Auto-seeded lesson 3',NULL,8),(109,'Module 4 - cloud Course 8','Auto-seeded lesson 4',NULL,8),(110,'Module 5 - cloud Course 8','Auto-seeded lesson 5',NULL,8),(111,'Module 6 - cloud Course 8','Auto-seeded lesson 6',NULL,8),(112,'Module 7 - cloud Course 8','Auto-seeded lesson 7',NULL,8),(113,'Module 8 - cloud Course 8','Auto-seeded lesson 8',NULL,8),(114,'Module 9 - cloud Course 8','Auto-seeded lesson 9',NULL,8),(115,'Module 10 - cloud Course 8','Auto-seeded lesson 10',NULL,8),(116,'Module 11 - cloud Course 8','Auto-seeded lesson 11',NULL,8),(117,'Module 12 - cloud Course 8','Auto-seeded lesson 12',NULL,8),(118,'Module 13 - cloud Course 8','Auto-seeded lesson 13',NULL,8),(119,'Module 14 - cloud Course 8','Auto-seeded lesson 14',NULL,8),(120,'Module 15 - cloud Course 8','Auto-seeded lesson 15',NULL,8),(121,'Module 1 - cloud Course 9','Auto-seeded lesson 1',NULL,9),(122,'Module 2 - cloud Course 9','Auto-seeded lesson 2',NULL,9),(123,'Module 3 - cloud Course 9','Auto-seeded lesson 3',NULL,9),(124,'Module 4 - cloud Course 9','Auto-seeded lesson 4',NULL,9),(125,'Module 5 - cloud Course 9','Auto-seeded lesson 5',NULL,9),(126,'Module 6 - cloud Course 9','Auto-seeded lesson 6',NULL,9),(127,'Module 7 - cloud Course 9','Auto-seeded lesson 7',NULL,9),(128,'Module 8 - cloud Course 9','Auto-seeded lesson 8',NULL,9),(129,'Module 9 - cloud Course 9','Auto-seeded lesson 9',NULL,9),(130,'Module 10 - cloud Course 9','Auto-seeded lesson 10',NULL,9),(131,'Module 11 - cloud Course 9','Auto-seeded lesson 11',NULL,9),(132,'Module 12 - cloud Course 9','Auto-seeded lesson 12',NULL,9),(133,'Module 13 - cloud Course 9','Auto-seeded lesson 13',NULL,9),(134,'Module 14 - cloud Course 9','Auto-seeded lesson 14',NULL,9),(135,'Module 15 - cloud Course 9','Auto-seeded lesson 15',NULL,9),(136,'Module 1 - cloud Course 10','Auto-seeded lesson 1',NULL,10),(137,'Module 2 - cloud Course 10','Auto-seeded lesson 2',NULL,10),(138,'Module 3 - cloud Course 10','Auto-seeded lesson 3',NULL,10),(139,'Module 4 - cloud Course 10','Auto-seeded lesson 4',NULL,10),(140,'Module 5 - cloud Course 10','Auto-seeded lesson 5',NULL,10),(141,'Module 6 - cloud Course 10','Auto-seeded lesson 6',NULL,10),(142,'Module 7 - cloud Course 10','Auto-seeded lesson 7',NULL,10),(143,'Module 8 - cloud Course 10','Auto-seeded lesson 8',NULL,10),(144,'Module 9 - cloud Course 10','Auto-seeded lesson 9',NULL,10),(145,'Module 10 - cloud Course 10','Auto-seeded lesson 10',NULL,10),(146,'Module 11 - cloud Course 10','Auto-seeded lesson 11',NULL,10),(147,'Module 12 - cloud Course 10','Auto-seeded lesson 12',NULL,10),(148,'Module 13 - cloud Course 10','Auto-seeded lesson 13',NULL,10),(149,'Module 14 - cloud Course 10','Auto-seeded lesson 14',NULL,10),(150,'Module 15 - cloud Course 10','Auto-seeded lesson 15',NULL,10),(151,'Module 1 - cloud Course 11','Auto-seeded lesson 1',NULL,11),(152,'Module 2 - cloud Course 11','Auto-seeded lesson 2',NULL,11),(153,'Module 3 - cloud Course 11','Auto-seeded lesson 3',NULL,11),(154,'Module 4 - cloud Course 11','Auto-seeded lesson 4',NULL,11),(155,'Module 5 - cloud Course 11','Auto-seeded lesson 5',NULL,11),(156,'Module 6 - cloud Course 11','Auto-seeded lesson 6',NULL,11),(157,'Module 7 - cloud Course 11','Auto-seeded lesson 7',NULL,11),(158,'Module 8 - cloud Course 11','Auto-seeded lesson 8',NULL,11),(159,'Module 9 - cloud Course 11','Auto-seeded lesson 9',NULL,11),(160,'Module 10 - cloud Course 11','Auto-seeded lesson 10',NULL,11),(161,'Module 11 - cloud Course 11','Auto-seeded lesson 11',NULL,11),(162,'Module 12 - cloud Course 11','Auto-seeded lesson 12',NULL,11),(163,'Module 13 - cloud Course 11','Auto-seeded lesson 13',NULL,11),(164,'Module 14 - cloud Course 11','Auto-seeded lesson 14',NULL,11),(165,'Module 15 - cloud Course 11','Auto-seeded lesson 15',NULL,11),(166,'Module 1 - cloud Course 12','Auto-seeded lesson 1',NULL,12),(167,'Module 2 - cloud Course 12','Auto-seeded lesson 2',NULL,12),(168,'Module 3 - cloud Course 12','Auto-seeded lesson 3',NULL,12),(169,'Module 4 - cloud Course 12','Auto-seeded lesson 4',NULL,12),(170,'Module 5 - cloud Course 12','Auto-seeded lesson 5',NULL,12),(171,'Module 6 - cloud Course 12','Auto-seeded lesson 6',NULL,12),(172,'Module 7 - cloud Course 12','Auto-seeded lesson 7',NULL,12),(173,'Module 8 - cloud Course 12','Auto-seeded lesson 8',NULL,12),(174,'Module 9 - cloud Course 12','Auto-seeded lesson 9',NULL,12),(175,'Module 10 - cloud Course 12','Auto-seeded lesson 10',NULL,12),(176,'Module 11 - cloud Course 12','Auto-seeded lesson 11',NULL,12),(177,'Module 12 - cloud Course 12','Auto-seeded lesson 12',NULL,12),(178,'Module 13 - cloud Course 12','Auto-seeded lesson 13',NULL,12),(179,'Module 14 - cloud Course 12','Auto-seeded lesson 14',NULL,12),(180,'Module 15 - cloud Course 12','Auto-seeded lesson 15',NULL,12),(181,'Module 1 - cloud Course 13','Auto-seeded lesson 1',NULL,13),(182,'Module 2 - cloud Course 13','Auto-seeded lesson 2',NULL,13),(183,'Module 3 - cloud Course 13','Auto-seeded lesson 3',NULL,13),(184,'Module 4 - cloud Course 13','Auto-seeded lesson 4',NULL,13),(185,'Module 5 - cloud Course 13','Auto-seeded lesson 5',NULL,13),(186,'Module 6 - cloud Course 13','Auto-seeded lesson 6',NULL,13),(187,'Module 7 - cloud Course 13','Auto-seeded lesson 7',NULL,13),(188,'Module 8 - cloud Course 13','Auto-seeded lesson 8',NULL,13),(189,'Module 9 - cloud Course 13','Auto-seeded lesson 9',NULL,13),(190,'Module 10 - cloud Course 13','Auto-seeded lesson 10',NULL,13),(191,'Module 11 - cloud Course 13','Auto-seeded lesson 11',NULL,13),(192,'Module 12 - cloud Course 13','Auto-seeded lesson 12',NULL,13),(193,'Module 13 - cloud Course 13','Auto-seeded lesson 13',NULL,13),(194,'Module 14 - cloud Course 13','Auto-seeded lesson 14',NULL,13),(195,'Module 15 - cloud Course 13','Auto-seeded lesson 15',NULL,13),(196,'Module 1 - cloud Course 14','Auto-seeded lesson 1',NULL,14),(197,'Module 2 - cloud Course 14','Auto-seeded lesson 2',NULL,14),(198,'Module 3 - cloud Course 14','Auto-seeded lesson 3',NULL,14),(199,'Module 4 - cloud Course 14','Auto-seeded lesson 4',NULL,14),(200,'Module 5 - cloud Course 14','Auto-seeded lesson 5',NULL,14),(201,'Module 6 - cloud Course 14','Auto-seeded lesson 6',NULL,14),(202,'Module 7 - cloud Course 14','Auto-seeded lesson 7',NULL,14),(203,'Module 8 - cloud Course 14','Auto-seeded lesson 8',NULL,14),(204,'Module 9 - cloud Course 14','Auto-seeded lesson 9',NULL,14),(205,'Module 10 - cloud Course 14','Auto-seeded lesson 10',NULL,14),(206,'Module 11 - cloud Course 14','Auto-seeded lesson 11',NULL,14),(207,'Module 12 - cloud Course 14','Auto-seeded lesson 12',NULL,14),(208,'Module 13 - cloud Course 14','Auto-seeded lesson 13',NULL,14),(209,'Module 14 - cloud Course 14','Auto-seeded lesson 14',NULL,14),(210,'Module 15 - cloud Course 14','Auto-seeded lesson 15',NULL,14),(211,'Module 1 - cloud Course 15','Auto-seeded lesson 1',NULL,15),(212,'Module 2 - cloud Course 15','Auto-seeded lesson 2',NULL,15),(213,'Module 3 - cloud Course 15','Auto-seeded lesson 3',NULL,15),(214,'Module 4 - cloud Course 15','Auto-seeded lesson 4',NULL,15),(215,'Module 5 - cloud Course 15','Auto-seeded lesson 5',NULL,15),(216,'Module 6 - cloud Course 15','Auto-seeded lesson 6',NULL,15),(217,'Module 7 - cloud Course 15','Auto-seeded lesson 7',NULL,15),(218,'Module 8 - cloud Course 15','Auto-seeded lesson 8',NULL,15),(219,'Module 9 - cloud Course 15','Auto-seeded lesson 9',NULL,15),(220,'Module 10 - cloud Course 15','Auto-seeded lesson 10',NULL,15),(221,'Module 11 - cloud Course 15','Auto-seeded lesson 11',NULL,15),(222,'Module 12 - cloud Course 15','Auto-seeded lesson 12',NULL,15),(223,'Module 13 - cloud Course 15','Auto-seeded lesson 13',NULL,15),(224,'Module 14 - cloud Course 15','Auto-seeded lesson 14',NULL,15),(225,'Module 15 - cloud Course 15','Auto-seeded lesson 15',NULL,15),(226,'Module 1 - 2	CyberSecurity Course 1','Auto-seeded lesson 1',NULL,16),(227,'Module 2 - 2	CyberSecurity Course 1','Auto-seeded lesson 2',NULL,16),(228,'Module 3 - 2	CyberSecurity Course 1','Auto-seeded lesson 3',NULL,16),(229,'Module 4 - 2	CyberSecurity Course 1','Auto-seeded lesson 4',NULL,16),(230,'Module 5 - 2	CyberSecurity Course 1','Auto-seeded lesson 5',NULL,16),(231,'Module 6 - 2	CyberSecurity Course 1','Auto-seeded lesson 6',NULL,16),(232,'Module 7 - 2	CyberSecurity Course 1','Auto-seeded lesson 7',NULL,16),(233,'Module 8 - 2	CyberSecurity Course 1','Auto-seeded lesson 8',NULL,16),(234,'Module 9 - 2	CyberSecurity Course 1','Auto-seeded lesson 9',NULL,16),(235,'Module 10 - 2	CyberSecurity Course 1','Auto-seeded lesson 10',NULL,16),(236,'Module 11 - 2	CyberSecurity Course 1','Auto-seeded lesson 11',NULL,16),(237,'Module 12 - 2	CyberSecurity Course 1','Auto-seeded lesson 12',NULL,16),(238,'Module 13 - 2	CyberSecurity Course 1','Auto-seeded lesson 13',NULL,16),(239,'Module 14 - 2	CyberSecurity Course 1','Auto-seeded lesson 14',NULL,16),(240,'Module 15 - 2	CyberSecurity Course 1','Auto-seeded lesson 15',NULL,16),(241,'Module 1 - 2	CyberSecurity Course 2','Auto-seeded lesson 1',NULL,17),(242,'Module 2 - 2	CyberSecurity Course 2','Auto-seeded lesson 2',NULL,17),(243,'Module 3 - 2	CyberSecurity Course 2','Auto-seeded lesson 3',NULL,17),(244,'Module 4 - 2	CyberSecurity Course 2','Auto-seeded lesson 4',NULL,17),(245,'Module 5 - 2	CyberSecurity Course 2','Auto-seeded lesson 5',NULL,17),(246,'Module 6 - 2	CyberSecurity Course 2','Auto-seeded lesson 6',NULL,17),(247,'Module 7 - 2	CyberSecurity Course 2','Auto-seeded lesson 7',NULL,17),(248,'Module 8 - 2	CyberSecurity Course 2','Auto-seeded lesson 8',NULL,17),(249,'Module 9 - 2	CyberSecurity Course 2','Auto-seeded lesson 9',NULL,17),(250,'Module 10 - 2	CyberSecurity Course 2','Auto-seeded lesson 10',NULL,17),(251,'Module 11 - 2	CyberSecurity Course 2','Auto-seeded lesson 11',NULL,17),(252,'Module 12 - 2	CyberSecurity Course 2','Auto-seeded lesson 12',NULL,17),(253,'Module 13 - 2	CyberSecurity Course 2','Auto-seeded lesson 13',NULL,17),(254,'Module 14 - 2	CyberSecurity Course 2','Auto-seeded lesson 14',NULL,17),(255,'Module 15 - 2	CyberSecurity Course 2','Auto-seeded lesson 15',NULL,17),(256,'Module 1 - 2	CyberSecurity Course 3','Auto-seeded lesson 1',NULL,18),(257,'Module 2 - 2	CyberSecurity Course 3','Auto-seeded lesson 2',NULL,18),(258,'Module 3 - 2	CyberSecurity Course 3','Auto-seeded lesson 3',NULL,18),(259,'Module 4 - 2	CyberSecurity Course 3','Auto-seeded lesson 4',NULL,18),(260,'Module 5 - 2	CyberSecurity Course 3','Auto-seeded lesson 5',NULL,18),(261,'Module 6 - 2	CyberSecurity Course 3','Auto-seeded lesson 6',NULL,18),(262,'Module 7 - 2	CyberSecurity Course 3','Auto-seeded lesson 7',NULL,18),(263,'Module 8 - 2	CyberSecurity Course 3','Auto-seeded lesson 8',NULL,18),(264,'Module 9 - 2	CyberSecurity Course 3','Auto-seeded lesson 9',NULL,18),(265,'Module 10 - 2	CyberSecurity Course 3','Auto-seeded lesson 10',NULL,18),(266,'Module 11 - 2	CyberSecurity Course 3','Auto-seeded lesson 11',NULL,18),(267,'Module 12 - 2	CyberSecurity Course 3','Auto-seeded lesson 12',NULL,18),(268,'Module 13 - 2	CyberSecurity Course 3','Auto-seeded lesson 13',NULL,18),(269,'Module 14 - 2	CyberSecurity Course 3','Auto-seeded lesson 14',NULL,18),(270,'Module 15 - 2	CyberSecurity Course 3','Auto-seeded lesson 15',NULL,18),(271,'Module 1 - 2	CyberSecurity Course 4','Auto-seeded lesson 1',NULL,19),(272,'Module 2 - 2	CyberSecurity Course 4','Auto-seeded lesson 2',NULL,19),(273,'Module 3 - 2	CyberSecurity Course 4','Auto-seeded lesson 3',NULL,19),(274,'Module 4 - 2	CyberSecurity Course 4','Auto-seeded lesson 4',NULL,19),(275,'Module 5 - 2	CyberSecurity Course 4','Auto-seeded lesson 5',NULL,19),(276,'Module 6 - 2	CyberSecurity Course 4','Auto-seeded lesson 6',NULL,19),(277,'Module 7 - 2	CyberSecurity Course 4','Auto-seeded lesson 7',NULL,19),(278,'Module 8 - 2	CyberSecurity Course 4','Auto-seeded lesson 8',NULL,19),(279,'Module 9 - 2	CyberSecurity Course 4','Auto-seeded lesson 9',NULL,19),(280,'Module 10 - 2	CyberSecurity Course 4','Auto-seeded lesson 10',NULL,19),(281,'Module 11 - 2	CyberSecurity Course 4','Auto-seeded lesson 11',NULL,19),(282,'Module 12 - 2	CyberSecurity Course 4','Auto-seeded lesson 12',NULL,19),(283,'Module 13 - 2	CyberSecurity Course 4','Auto-seeded lesson 13',NULL,19),(284,'Module 14 - 2	CyberSecurity Course 4','Auto-seeded lesson 14',NULL,19),(285,'Module 15 - 2	CyberSecurity Course 4','Auto-seeded lesson 15',NULL,19),(286,'Module 1 - 2	CyberSecurity Course 5','Auto-seeded lesson 1',NULL,20),(287,'Module 2 - 2	CyberSecurity Course 5','Auto-seeded lesson 2',NULL,20),(288,'Module 3 - 2	CyberSecurity Course 5','Auto-seeded lesson 3',NULL,20),(289,'Module 4 - 2	CyberSecurity Course 5','Auto-seeded lesson 4',NULL,20),(290,'Module 5 - 2	CyberSecurity Course 5','Auto-seeded lesson 5',NULL,20),(291,'Module 6 - 2	CyberSecurity Course 5','Auto-seeded lesson 6',NULL,20),(292,'Module 7 - 2	CyberSecurity Course 5','Auto-seeded lesson 7',NULL,20),(293,'Module 8 - 2	CyberSecurity Course 5','Auto-seeded lesson 8',NULL,20),(294,'Module 9 - 2	CyberSecurity Course 5','Auto-seeded lesson 9',NULL,20),(295,'Module 10 - 2	CyberSecurity Course 5','Auto-seeded lesson 10',NULL,20),(296,'Module 11 - 2	CyberSecurity Course 5','Auto-seeded lesson 11',NULL,20),(297,'Module 12 - 2	CyberSecurity Course 5','Auto-seeded lesson 12',NULL,20),(298,'Module 13 - 2	CyberSecurity Course 5','Auto-seeded lesson 13',NULL,20),(299,'Module 14 - 2	CyberSecurity Course 5','Auto-seeded lesson 14',NULL,20),(300,'Module 15 - 2	CyberSecurity Course 5','Auto-seeded lesson 15',NULL,20),(301,'Module 1 - 2	CyberSecurity Course 6','Auto-seeded lesson 1',NULL,21),(302,'Module 2 - 2	CyberSecurity Course 6','Auto-seeded lesson 2',NULL,21),(303,'Module 3 - 2	CyberSecurity Course 6','Auto-seeded lesson 3',NULL,21),(304,'Module 4 - 2	CyberSecurity Course 6','Auto-seeded lesson 4',NULL,21),(305,'Module 5 - 2	CyberSecurity Course 6','Auto-seeded lesson 5',NULL,21),(306,'Module 6 - 2	CyberSecurity Course 6','Auto-seeded lesson 6',NULL,21),(307,'Module 7 - 2	CyberSecurity Course 6','Auto-seeded lesson 7',NULL,21),(308,'Module 8 - 2	CyberSecurity Course 6','Auto-seeded lesson 8',NULL,21),(309,'Module 9 - 2	CyberSecurity Course 6','Auto-seeded lesson 9',NULL,21),(310,'Module 10 - 2	CyberSecurity Course 6','Auto-seeded lesson 10',NULL,21),(311,'Module 11 - 2	CyberSecurity Course 6','Auto-seeded lesson 11',NULL,21),(312,'Module 12 - 2	CyberSecurity Course 6','Auto-seeded lesson 12',NULL,21),(313,'Module 13 - 2	CyberSecurity Course 6','Auto-seeded lesson 13',NULL,21),(314,'Module 14 - 2	CyberSecurity Course 6','Auto-seeded lesson 14',NULL,21),(315,'Module 15 - 2	CyberSecurity Course 6','Auto-seeded lesson 15',NULL,21),(316,'Module 1 - 2	CyberSecurity Course 7','Auto-seeded lesson 1',NULL,22),(317,'Module 2 - 2	CyberSecurity Course 7','Auto-seeded lesson 2',NULL,22),(318,'Module 3 - 2	CyberSecurity Course 7','Auto-seeded lesson 3',NULL,22),(319,'Module 4 - 2	CyberSecurity Course 7','Auto-seeded lesson 4',NULL,22),(320,'Module 5 - 2	CyberSecurity Course 7','Auto-seeded lesson 5',NULL,22),(321,'Module 6 - 2	CyberSecurity Course 7','Auto-seeded lesson 6',NULL,22),(322,'Module 7 - 2	CyberSecurity Course 7','Auto-seeded lesson 7',NULL,22),(323,'Module 8 - 2	CyberSecurity Course 7','Auto-seeded lesson 8',NULL,22),(324,'Module 9 - 2	CyberSecurity Course 7','Auto-seeded lesson 9',NULL,22),(325,'Module 10 - 2	CyberSecurity Course 7','Auto-seeded lesson 10',NULL,22),(326,'Module 11 - 2	CyberSecurity Course 7','Auto-seeded lesson 11',NULL,22),(327,'Module 12 - 2	CyberSecurity Course 7','Auto-seeded lesson 12',NULL,22),(328,'Module 13 - 2	CyberSecurity Course 7','Auto-seeded lesson 13',NULL,22),(329,'Module 14 - 2	CyberSecurity Course 7','Auto-seeded lesson 14',NULL,22),(330,'Module 15 - 2	CyberSecurity Course 7','Auto-seeded lesson 15',NULL,22),(331,'Module 1 - 2	CyberSecurity Course 8','Auto-seeded lesson 1',NULL,23),(332,'Module 2 - 2	CyberSecurity Course 8','Auto-seeded lesson 2',NULL,23),(333,'Module 3 - 2	CyberSecurity Course 8','Auto-seeded lesson 3',NULL,23),(334,'Module 4 - 2	CyberSecurity Course 8','Auto-seeded lesson 4',NULL,23),(335,'Module 5 - 2	CyberSecurity Course 8','Auto-seeded lesson 5',NULL,23),(336,'Module 6 - 2	CyberSecurity Course 8','Auto-seeded lesson 6',NULL,23),(337,'Module 7 - 2	CyberSecurity Course 8','Auto-seeded lesson 7',NULL,23),(338,'Module 8 - 2	CyberSecurity Course 8','Auto-seeded lesson 8',NULL,23),(339,'Module 9 - 2	CyberSecurity Course 8','Auto-seeded lesson 9',NULL,23),(340,'Module 10 - 2	CyberSecurity Course 8','Auto-seeded lesson 10',NULL,23),(341,'Module 11 - 2	CyberSecurity Course 8','Auto-seeded lesson 11',NULL,23),(342,'Module 12 - 2	CyberSecurity Course 8','Auto-seeded lesson 12',NULL,23),(343,'Module 13 - 2	CyberSecurity Course 8','Auto-seeded lesson 13',NULL,23),(344,'Module 14 - 2	CyberSecurity Course 8','Auto-seeded lesson 14',NULL,23),(345,'Module 15 - 2	CyberSecurity Course 8','Auto-seeded lesson 15',NULL,23),(346,'Module 1 - 2	CyberSecurity Course 9','Auto-seeded lesson 1',NULL,24),(347,'Module 2 - 2	CyberSecurity Course 9','Auto-seeded lesson 2',NULL,24),(348,'Module 3 - 2	CyberSecurity Course 9','Auto-seeded lesson 3',NULL,24),(349,'Module 4 - 2	CyberSecurity Course 9','Auto-seeded lesson 4',NULL,24),(350,'Module 5 - 2	CyberSecurity Course 9','Auto-seeded lesson 5',NULL,24),(351,'Module 6 - 2	CyberSecurity Course 9','Auto-seeded lesson 6',NULL,24),(352,'Module 7 - 2	CyberSecurity Course 9','Auto-seeded lesson 7',NULL,24),(353,'Module 8 - 2	CyberSecurity Course 9','Auto-seeded lesson 8',NULL,24),(354,'Module 9 - 2	CyberSecurity Course 9','Auto-seeded lesson 9',NULL,24),(355,'Module 10 - 2	CyberSecurity Course 9','Auto-seeded lesson 10',NULL,24),(356,'Module 11 - 2	CyberSecurity Course 9','Auto-seeded lesson 11',NULL,24),(357,'Module 12 - 2	CyberSecurity Course 9','Auto-seeded lesson 12',NULL,24),(358,'Module 13 - 2	CyberSecurity Course 9','Auto-seeded lesson 13',NULL,24),(359,'Module 14 - 2	CyberSecurity Course 9','Auto-seeded lesson 14',NULL,24),(360,'Module 15 - 2	CyberSecurity Course 9','Auto-seeded lesson 15',NULL,24),(361,'Module 1 - 2	CyberSecurity Course 10','Auto-seeded lesson 1',NULL,25),(362,'Module 2 - 2	CyberSecurity Course 10','Auto-seeded lesson 2',NULL,25),(363,'Module 3 - 2	CyberSecurity Course 10','Auto-seeded lesson 3',NULL,25),(364,'Module 4 - 2	CyberSecurity Course 10','Auto-seeded lesson 4',NULL,25),(365,'Module 5 - 2	CyberSecurity Course 10','Auto-seeded lesson 5',NULL,25),(366,'Module 6 - 2	CyberSecurity Course 10','Auto-seeded lesson 6',NULL,25),(367,'Module 7 - 2	CyberSecurity Course 10','Auto-seeded lesson 7',NULL,25),(368,'Module 8 - 2	CyberSecurity Course 10','Auto-seeded lesson 8',NULL,25),(369,'Module 9 - 2	CyberSecurity Course 10','Auto-seeded lesson 9',NULL,25),(370,'Module 10 - 2	CyberSecurity Course 10','Auto-seeded lesson 10',NULL,25),(371,'Module 11 - 2	CyberSecurity Course 10','Auto-seeded lesson 11',NULL,25),(372,'Module 12 - 2	CyberSecurity Course 10','Auto-seeded lesson 12',NULL,25),(373,'Module 13 - 2	CyberSecurity Course 10','Auto-seeded lesson 13',NULL,25),(374,'Module 14 - 2	CyberSecurity Course 10','Auto-seeded lesson 14',NULL,25),(375,'Module 15 - 2	CyberSecurity Course 10','Auto-seeded lesson 15',NULL,25),(376,'Module 1 - 2	CyberSecurity Course 11','Auto-seeded lesson 1',NULL,26),(377,'Module 2 - 2	CyberSecurity Course 11','Auto-seeded lesson 2',NULL,26),(378,'Module 3 - 2	CyberSecurity Course 11','Auto-seeded lesson 3',NULL,26),(379,'Module 4 - 2	CyberSecurity Course 11','Auto-seeded lesson 4',NULL,26),(380,'Module 5 - 2	CyberSecurity Course 11','Auto-seeded lesson 5',NULL,26),(381,'Module 6 - 2	CyberSecurity Course 11','Auto-seeded lesson 6',NULL,26),(382,'Module 7 - 2	CyberSecurity Course 11','Auto-seeded lesson 7',NULL,26),(383,'Module 8 - 2	CyberSecurity Course 11','Auto-seeded lesson 8',NULL,26),(384,'Module 9 - 2	CyberSecurity Course 11','Auto-seeded lesson 9',NULL,26),(385,'Module 10 - 2	CyberSecurity Course 11','Auto-seeded lesson 10',NULL,26),(386,'Module 11 - 2	CyberSecurity Course 11','Auto-seeded lesson 11',NULL,26),(387,'Module 12 - 2	CyberSecurity Course 11','Auto-seeded lesson 12',NULL,26),(388,'Module 13 - 2	CyberSecurity Course 11','Auto-seeded lesson 13',NULL,26),(389,'Module 14 - 2	CyberSecurity Course 11','Auto-seeded lesson 14',NULL,26),(390,'Module 15 - 2	CyberSecurity Course 11','Auto-seeded lesson 15',NULL,26),(391,'Module 1 - 2	CyberSecurity Course 12','Auto-seeded lesson 1',NULL,27),(392,'Module 2 - 2	CyberSecurity Course 12','Auto-seeded lesson 2',NULL,27),(393,'Module 3 - 2	CyberSecurity Course 12','Auto-seeded lesson 3',NULL,27),(394,'Module 4 - 2	CyberSecurity Course 12','Auto-seeded lesson 4',NULL,27),(395,'Module 5 - 2	CyberSecurity Course 12','Auto-seeded lesson 5',NULL,27),(396,'Module 6 - 2	CyberSecurity Course 12','Auto-seeded lesson 6',NULL,27),(397,'Module 7 - 2	CyberSecurity Course 12','Auto-seeded lesson 7',NULL,27),(398,'Module 8 - 2	CyberSecurity Course 12','Auto-seeded lesson 8',NULL,27),(399,'Module 9 - 2	CyberSecurity Course 12','Auto-seeded lesson 9',NULL,27),(400,'Module 10 - 2	CyberSecurity Course 12','Auto-seeded lesson 10',NULL,27),(401,'Module 11 - 2	CyberSecurity Course 12','Auto-seeded lesson 11',NULL,27),(402,'Module 12 - 2	CyberSecurity Course 12','Auto-seeded lesson 12',NULL,27),(403,'Module 13 - 2	CyberSecurity Course 12','Auto-seeded lesson 13',NULL,27),(404,'Module 14 - 2	CyberSecurity Course 12','Auto-seeded lesson 14',NULL,27),(405,'Module 15 - 2	CyberSecurity Course 12','Auto-seeded lesson 15',NULL,27),(406,'Module 1 - 2	CyberSecurity Course 13','Auto-seeded lesson 1',NULL,28),(407,'Module 2 - 2	CyberSecurity Course 13','Auto-seeded lesson 2',NULL,28),(408,'Module 3 - 2	CyberSecurity Course 13','Auto-seeded lesson 3',NULL,28),(409,'Module 4 - 2	CyberSecurity Course 13','Auto-seeded lesson 4',NULL,28),(410,'Module 5 - 2	CyberSecurity Course 13','Auto-seeded lesson 5',NULL,28),(411,'Module 6 - 2	CyberSecurity Course 13','Auto-seeded lesson 6',NULL,28),(412,'Module 7 - 2	CyberSecurity Course 13','Auto-seeded lesson 7',NULL,28),(413,'Module 8 - 2	CyberSecurity Course 13','Auto-seeded lesson 8',NULL,28),(414,'Module 9 - 2	CyberSecurity Course 13','Auto-seeded lesson 9',NULL,28),(415,'Module 10 - 2	CyberSecurity Course 13','Auto-seeded lesson 10',NULL,28),(416,'Module 11 - 2	CyberSecurity Course 13','Auto-seeded lesson 11',NULL,28),(417,'Module 12 - 2	CyberSecurity Course 13','Auto-seeded lesson 12',NULL,28),(418,'Module 13 - 2	CyberSecurity Course 13','Auto-seeded lesson 13',NULL,28),(419,'Module 14 - 2	CyberSecurity Course 13','Auto-seeded lesson 14',NULL,28),(420,'Module 15 - 2	CyberSecurity Course 13','Auto-seeded lesson 15',NULL,28),(421,'Module 1 - 2	CyberSecurity Course 14','Auto-seeded lesson 1',NULL,29),(422,'Module 2 - 2	CyberSecurity Course 14','Auto-seeded lesson 2',NULL,29),(423,'Module 3 - 2	CyberSecurity Course 14','Auto-seeded lesson 3',NULL,29),(424,'Module 4 - 2	CyberSecurity Course 14','Auto-seeded lesson 4',NULL,29),(425,'Module 5 - 2	CyberSecurity Course 14','Auto-seeded lesson 5',NULL,29),(426,'Module 6 - 2	CyberSecurity Course 14','Auto-seeded lesson 6',NULL,29),(427,'Module 7 - 2	CyberSecurity Course 14','Auto-seeded lesson 7',NULL,29),(428,'Module 8 - 2	CyberSecurity Course 14','Auto-seeded lesson 8',NULL,29),(429,'Module 9 - 2	CyberSecurity Course 14','Auto-seeded lesson 9',NULL,29),(430,'Module 10 - 2	CyberSecurity Course 14','Auto-seeded lesson 10',NULL,29),(431,'Module 11 - 2	CyberSecurity Course 14','Auto-seeded lesson 11',NULL,29),(432,'Module 12 - 2	CyberSecurity Course 14','Auto-seeded lesson 12',NULL,29),(433,'Module 13 - 2	CyberSecurity Course 14','Auto-seeded lesson 13',NULL,29),(434,'Module 14 - 2	CyberSecurity Course 14','Auto-seeded lesson 14',NULL,29),(435,'Module 15 - 2	CyberSecurity Course 14','Auto-seeded lesson 15',NULL,29),(436,'Module 1 - 2	CyberSecurity Course 15','Auto-seeded lesson 1',NULL,30),(437,'Module 2 - 2	CyberSecurity Course 15','Auto-seeded lesson 2',NULL,30),(438,'Module 3 - 2	CyberSecurity Course 15','Auto-seeded lesson 3',NULL,30),(439,'Module 4 - 2	CyberSecurity Course 15','Auto-seeded lesson 4',NULL,30),(440,'Module 5 - 2	CyberSecurity Course 15','Auto-seeded lesson 5',NULL,30),(441,'Module 6 - 2	CyberSecurity Course 15','Auto-seeded lesson 6',NULL,30),(442,'Module 7 - 2	CyberSecurity Course 15','Auto-seeded lesson 7',NULL,30),(443,'Module 8 - 2	CyberSecurity Course 15','Auto-seeded lesson 8',NULL,30),(444,'Module 9 - 2	CyberSecurity Course 15','Auto-seeded lesson 9',NULL,30),(445,'Module 10 - 2	CyberSecurity Course 15','Auto-seeded lesson 10',NULL,30),(446,'Module 11 - 2	CyberSecurity Course 15','Auto-seeded lesson 11',NULL,30),(447,'Module 12 - 2	CyberSecurity Course 15','Auto-seeded lesson 12',NULL,30),(448,'Module 13 - 2	CyberSecurity Course 15','Auto-seeded lesson 13',NULL,30),(449,'Module 14 - 2	CyberSecurity Course 15','Auto-seeded lesson 14',NULL,30),(450,'Module 15 - 2	CyberSecurity Course 15','Auto-seeded lesson 15',NULL,30),(451,'Module 1 - Science Course 1','Auto-seeded lesson 1',NULL,31),(452,'Module 2 - Science Course 1','Auto-seeded lesson 2',NULL,31),(453,'Module 3 - Science Course 1','Auto-seeded lesson 3',NULL,31),(454,'Module 4 - Science Course 1','Auto-seeded lesson 4',NULL,31),(455,'Module 5 - Science Course 1','Auto-seeded lesson 5',NULL,31),(456,'Module 6 - Science Course 1','Auto-seeded lesson 6',NULL,31),(457,'Module 7 - Science Course 1','Auto-seeded lesson 7',NULL,31),(458,'Module 8 - Science Course 1','Auto-seeded lesson 8',NULL,31),(459,'Module 9 - Science Course 1','Auto-seeded lesson 9',NULL,31),(460,'Module 10 - Science Course 1','Auto-seeded lesson 10',NULL,31),(461,'Module 11 - Science Course 1','Auto-seeded lesson 11',NULL,31),(462,'Module 12 - Science Course 1','Auto-seeded lesson 12',NULL,31),(463,'Module 13 - Science Course 1','Auto-seeded lesson 13',NULL,31),(464,'Module 14 - Science Course 1','Auto-seeded lesson 14',NULL,31),(465,'Module 15 - Science Course 1','Auto-seeded lesson 15',NULL,31),(466,'Module 1 - Science Course 2','Auto-seeded lesson 1',NULL,32),(467,'Module 2 - Science Course 2','Auto-seeded lesson 2',NULL,32),(468,'Module 3 - Science Course 2','Auto-seeded lesson 3',NULL,32),(469,'Module 4 - Science Course 2','Auto-seeded lesson 4',NULL,32),(470,'Module 5 - Science Course 2','Auto-seeded lesson 5',NULL,32),(471,'Module 6 - Science Course 2','Auto-seeded lesson 6',NULL,32),(472,'Module 7 - Science Course 2','Auto-seeded lesson 7',NULL,32),(473,'Module 8 - Science Course 2','Auto-seeded lesson 8',NULL,32),(474,'Module 9 - Science Course 2','Auto-seeded lesson 9',NULL,32),(475,'Module 10 - Science Course 2','Auto-seeded lesson 10',NULL,32),(476,'Module 11 - Science Course 2','Auto-seeded lesson 11',NULL,32),(477,'Module 12 - Science Course 2','Auto-seeded lesson 12',NULL,32),(478,'Module 13 - Science Course 2','Auto-seeded lesson 13',NULL,32),(479,'Module 14 - Science Course 2','Auto-seeded lesson 14',NULL,32),(480,'Module 15 - Science Course 2','Auto-seeded lesson 15',NULL,32),(481,'Module 1 - Science Course 3','Auto-seeded lesson 1',NULL,33),(482,'Module 2 - Science Course 3','Auto-seeded lesson 2',NULL,33),(483,'Module 3 - Science Course 3','Auto-seeded lesson 3',NULL,33),(484,'Module 4 - Science Course 3','Auto-seeded lesson 4',NULL,33),(485,'Module 5 - Science Course 3','Auto-seeded lesson 5',NULL,33),(486,'Module 6 - Science Course 3','Auto-seeded lesson 6',NULL,33),(487,'Module 7 - Science Course 3','Auto-seeded lesson 7',NULL,33),(488,'Module 8 - Science Course 3','Auto-seeded lesson 8',NULL,33),(489,'Module 9 - Science Course 3','Auto-seeded lesson 9',NULL,33),(490,'Module 10 - Science Course 3','Auto-seeded lesson 10',NULL,33),(491,'Module 11 - Science Course 3','Auto-seeded lesson 11',NULL,33),(492,'Module 12 - Science Course 3','Auto-seeded lesson 12',NULL,33),(493,'Module 13 - Science Course 3','Auto-seeded lesson 13',NULL,33),(494,'Module 14 - Science Course 3','Auto-seeded lesson 14',NULL,33),(495,'Module 15 - Science Course 3','Auto-seeded lesson 15',NULL,33),(496,'Module 1 - Science Course 4','Auto-seeded lesson 1',NULL,34),(497,'Module 2 - Science Course 4','Auto-seeded lesson 2',NULL,34),(498,'Module 3 - Science Course 4','Auto-seeded lesson 3',NULL,34),(499,'Module 4 - Science Course 4','Auto-seeded lesson 4',NULL,34),(500,'Module 5 - Science Course 4','Auto-seeded lesson 5',NULL,34),(501,'Module 6 - Science Course 4','Auto-seeded lesson 6',NULL,34),(502,'Module 7 - Science Course 4','Auto-seeded lesson 7',NULL,34),(503,'Module 8 - Science Course 4','Auto-seeded lesson 8',NULL,34),(504,'Module 9 - Science Course 4','Auto-seeded lesson 9',NULL,34),(505,'Module 10 - Science Course 4','Auto-seeded lesson 10',NULL,34),(506,'Module 11 - Science Course 4','Auto-seeded lesson 11',NULL,34),(507,'Module 12 - Science Course 4','Auto-seeded lesson 12',NULL,34),(508,'Module 13 - Science Course 4','Auto-seeded lesson 13',NULL,34),(509,'Module 14 - Science Course 4','Auto-seeded lesson 14',NULL,34),(510,'Module 15 - Science Course 4','Auto-seeded lesson 15',NULL,34),(511,'Module 1 - Science Course 5','Auto-seeded lesson 1',NULL,35),(512,'Module 2 - Science Course 5','Auto-seeded lesson 2',NULL,35),(513,'Module 3 - Science Course 5','Auto-seeded lesson 3',NULL,35),(514,'Module 4 - Science Course 5','Auto-seeded lesson 4',NULL,35),(515,'Module 5 - Science Course 5','Auto-seeded lesson 5',NULL,35),(516,'Module 6 - Science Course 5','Auto-seeded lesson 6',NULL,35),(517,'Module 7 - Science Course 5','Auto-seeded lesson 7',NULL,35),(518,'Module 8 - Science Course 5','Auto-seeded lesson 8',NULL,35),(519,'Module 9 - Science Course 5','Auto-seeded lesson 9',NULL,35),(520,'Module 10 - Science Course 5','Auto-seeded lesson 10',NULL,35),(521,'Module 11 - Science Course 5','Auto-seeded lesson 11',NULL,35),(522,'Module 12 - Science Course 5','Auto-seeded lesson 12',NULL,35),(523,'Module 13 - Science Course 5','Auto-seeded lesson 13',NULL,35),(524,'Module 14 - Science Course 5','Auto-seeded lesson 14',NULL,35),(525,'Module 15 - Science Course 5','Auto-seeded lesson 15',NULL,35),(526,'Module 1 - Science Course 6','Auto-seeded lesson 1',NULL,36),(527,'Module 2 - Science Course 6','Auto-seeded lesson 2',NULL,36),(528,'Module 3 - Science Course 6','Auto-seeded lesson 3',NULL,36),(529,'Module 4 - Science Course 6','Auto-seeded lesson 4',NULL,36),(530,'Module 5 - Science Course 6','Auto-seeded lesson 5',NULL,36),(531,'Module 6 - Science Course 6','Auto-seeded lesson 6',NULL,36),(532,'Module 7 - Science Course 6','Auto-seeded lesson 7',NULL,36),(533,'Module 8 - Science Course 6','Auto-seeded lesson 8',NULL,36),(534,'Module 9 - Science Course 6','Auto-seeded lesson 9',NULL,36),(535,'Module 10 - Science Course 6','Auto-seeded lesson 10',NULL,36),(536,'Module 11 - Science Course 6','Auto-seeded lesson 11',NULL,36),(537,'Module 12 - Science Course 6','Auto-seeded lesson 12',NULL,36),(538,'Module 13 - Science Course 6','Auto-seeded lesson 13',NULL,36),(539,'Module 14 - Science Course 6','Auto-seeded lesson 14',NULL,36),(540,'Module 15 - Science Course 6','Auto-seeded lesson 15',NULL,36),(541,'Module 1 - Science Course 7','Auto-seeded lesson 1',NULL,37),(542,'Module 2 - Science Course 7','Auto-seeded lesson 2',NULL,37),(543,'Module 3 - Science Course 7','Auto-seeded lesson 3',NULL,37),(544,'Module 4 - Science Course 7','Auto-seeded lesson 4',NULL,37),(545,'Module 5 - Science Course 7','Auto-seeded lesson 5',NULL,37),(546,'Module 6 - Science Course 7','Auto-seeded lesson 6',NULL,37),(547,'Module 7 - Science Course 7','Auto-seeded lesson 7',NULL,37),(548,'Module 8 - Science Course 7','Auto-seeded lesson 8',NULL,37),(549,'Module 9 - Science Course 7','Auto-seeded lesson 9',NULL,37),(550,'Module 10 - Science Course 7','Auto-seeded lesson 10',NULL,37),(551,'Module 11 - Science Course 7','Auto-seeded lesson 11',NULL,37),(552,'Module 12 - Science Course 7','Auto-seeded lesson 12',NULL,37),(553,'Module 13 - Science Course 7','Auto-seeded lesson 13',NULL,37),(554,'Module 14 - Science Course 7','Auto-seeded lesson 14',NULL,37),(555,'Module 15 - Science Course 7','Auto-seeded lesson 15',NULL,37),(556,'Module 1 - Science Course 8','Auto-seeded lesson 1',NULL,38),(557,'Module 2 - Science Course 8','Auto-seeded lesson 2',NULL,38),(558,'Module 3 - Science Course 8','Auto-seeded lesson 3',NULL,38),(559,'Module 4 - Science Course 8','Auto-seeded lesson 4',NULL,38),(560,'Module 5 - Science Course 8','Auto-seeded lesson 5',NULL,38),(561,'Module 6 - Science Course 8','Auto-seeded lesson 6',NULL,38),(562,'Module 7 - Science Course 8','Auto-seeded lesson 7',NULL,38),(563,'Module 8 - Science Course 8','Auto-seeded lesson 8',NULL,38),(564,'Module 9 - Science Course 8','Auto-seeded lesson 9',NULL,38),(565,'Module 10 - Science Course 8','Auto-seeded lesson 10',NULL,38),(566,'Module 11 - Science Course 8','Auto-seeded lesson 11',NULL,38),(567,'Module 12 - Science Course 8','Auto-seeded lesson 12',NULL,38),(568,'Module 13 - Science Course 8','Auto-seeded lesson 13',NULL,38),(569,'Module 14 - Science Course 8','Auto-seeded lesson 14',NULL,38),(570,'Module 15 - Science Course 8','Auto-seeded lesson 15',NULL,38),(571,'Module 1 - Science Course 9','Auto-seeded lesson 1',NULL,39),(572,'Module 2 - Science Course 9','Auto-seeded lesson 2',NULL,39),(573,'Module 3 - Science Course 9','Auto-seeded lesson 3',NULL,39),(574,'Module 4 - Science Course 9','Auto-seeded lesson 4',NULL,39),(575,'Module 5 - Science Course 9','Auto-seeded lesson 5',NULL,39),(576,'Module 6 - Science Course 9','Auto-seeded lesson 6',NULL,39),(577,'Module 7 - Science Course 9','Auto-seeded lesson 7',NULL,39),(578,'Module 8 - Science Course 9','Auto-seeded lesson 8',NULL,39),(579,'Module 9 - Science Course 9','Auto-seeded lesson 9',NULL,39),(580,'Module 10 - Science Course 9','Auto-seeded lesson 10',NULL,39),(581,'Module 11 - Science Course 9','Auto-seeded lesson 11',NULL,39),(582,'Module 12 - Science Course 9','Auto-seeded lesson 12',NULL,39),(583,'Module 13 - Science Course 9','Auto-seeded lesson 13',NULL,39),(584,'Module 14 - Science Course 9','Auto-seeded lesson 14',NULL,39),(585,'Module 15 - Science Course 9','Auto-seeded lesson 15',NULL,39),(586,'Module 1 - Science Course 10','Auto-seeded lesson 1',NULL,40),(587,'Module 2 - Science Course 10','Auto-seeded lesson 2',NULL,40),(588,'Module 3 - Science Course 10','Auto-seeded lesson 3',NULL,40),(589,'Module 4 - Science Course 10','Auto-seeded lesson 4',NULL,40),(590,'Module 5 - Science Course 10','Auto-seeded lesson 5',NULL,40),(591,'Module 6 - Science Course 10','Auto-seeded lesson 6',NULL,40),(592,'Module 7 - Science Course 10','Auto-seeded lesson 7',NULL,40),(593,'Module 8 - Science Course 10','Auto-seeded lesson 8',NULL,40),(594,'Module 9 - Science Course 10','Auto-seeded lesson 9',NULL,40),(595,'Module 10 - Science Course 10','Auto-seeded lesson 10',NULL,40),(596,'Module 11 - Science Course 10','Auto-seeded lesson 11',NULL,40),(597,'Module 12 - Science Course 10','Auto-seeded lesson 12',NULL,40),(598,'Module 13 - Science Course 10','Auto-seeded lesson 13',NULL,40),(599,'Module 14 - Science Course 10','Auto-seeded lesson 14',NULL,40),(600,'Module 15 - Science Course 10','Auto-seeded lesson 15',NULL,40),(601,'Module 1 - Science Course 11','Auto-seeded lesson 1',NULL,41),(602,'Module 2 - Science Course 11','Auto-seeded lesson 2',NULL,41),(603,'Module 3 - Science Course 11','Auto-seeded lesson 3',NULL,41),(604,'Module 4 - Science Course 11','Auto-seeded lesson 4',NULL,41),(605,'Module 5 - Science Course 11','Auto-seeded lesson 5',NULL,41),(606,'Module 6 - Science Course 11','Auto-seeded lesson 6',NULL,41),(607,'Module 7 - Science Course 11','Auto-seeded lesson 7',NULL,41),(608,'Module 8 - Science Course 11','Auto-seeded lesson 8',NULL,41),(609,'Module 9 - Science Course 11','Auto-seeded lesson 9',NULL,41),(610,'Module 10 - Science Course 11','Auto-seeded lesson 10',NULL,41),(611,'Module 11 - Science Course 11','Auto-seeded lesson 11',NULL,41),(612,'Module 12 - Science Course 11','Auto-seeded lesson 12',NULL,41),(613,'Module 13 - Science Course 11','Auto-seeded lesson 13',NULL,41),(614,'Module 14 - Science Course 11','Auto-seeded lesson 14',NULL,41),(615,'Module 15 - Science Course 11','Auto-seeded lesson 15',NULL,41),(616,'Module 1 - Science Course 12','Auto-seeded lesson 1',NULL,42),(617,'Module 2 - Science Course 12','Auto-seeded lesson 2',NULL,42),(618,'Module 3 - Science Course 12','Auto-seeded lesson 3',NULL,42),(619,'Module 4 - Science Course 12','Auto-seeded lesson 4',NULL,42),(620,'Module 5 - Science Course 12','Auto-seeded lesson 5',NULL,42),(621,'Module 6 - Science Course 12','Auto-seeded lesson 6',NULL,42),(622,'Module 7 - Science Course 12','Auto-seeded lesson 7',NULL,42),(623,'Module 8 - Science Course 12','Auto-seeded lesson 8',NULL,42),(624,'Module 9 - Science Course 12','Auto-seeded lesson 9',NULL,42),(625,'Module 10 - Science Course 12','Auto-seeded lesson 10',NULL,42),(626,'Module 11 - Science Course 12','Auto-seeded lesson 11',NULL,42),(627,'Module 12 - Science Course 12','Auto-seeded lesson 12',NULL,42),(628,'Module 13 - Science Course 12','Auto-seeded lesson 13',NULL,42),(629,'Module 14 - Science Course 12','Auto-seeded lesson 14',NULL,42),(630,'Module 15 - Science Course 12','Auto-seeded lesson 15',NULL,42),(631,'Module 1 - Science Course 13','Auto-seeded lesson 1',NULL,43),(632,'Module 2 - Science Course 13','Auto-seeded lesson 2',NULL,43),(633,'Module 3 - Science Course 13','Auto-seeded lesson 3',NULL,43),(634,'Module 4 - Science Course 13','Auto-seeded lesson 4',NULL,43),(635,'Module 5 - Science Course 13','Auto-seeded lesson 5',NULL,43),(636,'Module 6 - Science Course 13','Auto-seeded lesson 6',NULL,43),(637,'Module 7 - Science Course 13','Auto-seeded lesson 7',NULL,43),(638,'Module 8 - Science Course 13','Auto-seeded lesson 8',NULL,43),(639,'Module 9 - Science Course 13','Auto-seeded lesson 9',NULL,43),(640,'Module 10 - Science Course 13','Auto-seeded lesson 10',NULL,43),(641,'Module 11 - Science Course 13','Auto-seeded lesson 11',NULL,43),(642,'Module 12 - Science Course 13','Auto-seeded lesson 12',NULL,43),(643,'Module 13 - Science Course 13','Auto-seeded lesson 13',NULL,43),(644,'Module 14 - Science Course 13','Auto-seeded lesson 14',NULL,43),(645,'Module 15 - Science Course 13','Auto-seeded lesson 15',NULL,43),(646,'Module 1 - Science Course 14','Auto-seeded lesson 1',NULL,44),(647,'Module 2 - Science Course 14','Auto-seeded lesson 2',NULL,44),(648,'Module 3 - Science Course 14','Auto-seeded lesson 3',NULL,44),(649,'Module 4 - Science Course 14','Auto-seeded lesson 4',NULL,44),(650,'Module 5 - Science Course 14','Auto-seeded lesson 5',NULL,44),(651,'Module 6 - Science Course 14','Auto-seeded lesson 6',NULL,44),(652,'Module 7 - Science Course 14','Auto-seeded lesson 7',NULL,44),(653,'Module 8 - Science Course 14','Auto-seeded lesson 8',NULL,44),(654,'Module 9 - Science Course 14','Auto-seeded lesson 9',NULL,44),(655,'Module 10 - Science Course 14','Auto-seeded lesson 10',NULL,44),(656,'Module 11 - Science Course 14','Auto-seeded lesson 11',NULL,44),(657,'Module 12 - Science Course 14','Auto-seeded lesson 12',NULL,44),(658,'Module 13 - Science Course 14','Auto-seeded lesson 13',NULL,44),(659,'Module 14 - Science Course 14','Auto-seeded lesson 14',NULL,44),(660,'Module 15 - Science Course 14','Auto-seeded lesson 15',NULL,44),(661,'Module 1 - Science Course 15','Auto-seeded lesson 1',NULL,45),(662,'Module 2 - Science Course 15','Auto-seeded lesson 2',NULL,45),(663,'Module 3 - Science Course 15','Auto-seeded lesson 3',NULL,45),(664,'Module 4 - Science Course 15','Auto-seeded lesson 4',NULL,45),(665,'Module 5 - Science Course 15','Auto-seeded lesson 5',NULL,45),(666,'Module 6 - Science Course 15','Auto-seeded lesson 6',NULL,45),(667,'Module 7 - Science Course 15','Auto-seeded lesson 7',NULL,45),(668,'Module 8 - Science Course 15','Auto-seeded lesson 8',NULL,45),(669,'Module 9 - Science Course 15','Auto-seeded lesson 9',NULL,45),(670,'Module 10 - Science Course 15','Auto-seeded lesson 10',NULL,45),(671,'Module 11 - Science Course 15','Auto-seeded lesson 11',NULL,45),(672,'Module 12 - Science Course 15','Auto-seeded lesson 12',NULL,45),(673,'Module 13 - Science Course 15','Auto-seeded lesson 13',NULL,45),(674,'Module 14 - Science Course 15','Auto-seeded lesson 14',NULL,45),(675,'Module 15 - Science Course 15','Auto-seeded lesson 15',NULL,45),(676,'Module 1 - 4	DevOps Course 1','Auto-seeded lesson 1',NULL,46),(677,'Module 2 - 4	DevOps Course 1','Auto-seeded lesson 2',NULL,46),(678,'Module 3 - 4	DevOps Course 1','Auto-seeded lesson 3',NULL,46),(679,'Module 4 - 4	DevOps Course 1','Auto-seeded lesson 4',NULL,46),(680,'Module 5 - 4	DevOps Course 1','Auto-seeded lesson 5',NULL,46),(681,'Module 6 - 4	DevOps Course 1','Auto-seeded lesson 6',NULL,46),(682,'Module 7 - 4	DevOps Course 1','Auto-seeded lesson 7',NULL,46),(683,'Module 8 - 4	DevOps Course 1','Auto-seeded lesson 8',NULL,46),(684,'Module 9 - 4	DevOps Course 1','Auto-seeded lesson 9',NULL,46),(685,'Module 10 - 4	DevOps Course 1','Auto-seeded lesson 10',NULL,46),(686,'Module 11 - 4	DevOps Course 1','Auto-seeded lesson 11',NULL,46),(687,'Module 12 - 4	DevOps Course 1','Auto-seeded lesson 12',NULL,46),(688,'Module 13 - 4	DevOps Course 1','Auto-seeded lesson 13',NULL,46),(689,'Module 14 - 4	DevOps Course 1','Auto-seeded lesson 14',NULL,46),(690,'Module 15 - 4	DevOps Course 1','Auto-seeded lesson 15',NULL,46),(691,'Module 1 - 4	DevOps Course 2','Auto-seeded lesson 1',NULL,47),(692,'Module 2 - 4	DevOps Course 2','Auto-seeded lesson 2',NULL,47),(693,'Module 3 - 4	DevOps Course 2','Auto-seeded lesson 3',NULL,47),(694,'Module 4 - 4	DevOps Course 2','Auto-seeded lesson 4',NULL,47),(695,'Module 5 - 4	DevOps Course 2','Auto-seeded lesson 5',NULL,47),(696,'Module 6 - 4	DevOps Course 2','Auto-seeded lesson 6',NULL,47),(697,'Module 7 - 4	DevOps Course 2','Auto-seeded lesson 7',NULL,47),(698,'Module 8 - 4	DevOps Course 2','Auto-seeded lesson 8',NULL,47),(699,'Module 9 - 4	DevOps Course 2','Auto-seeded lesson 9',NULL,47),(700,'Module 10 - 4	DevOps Course 2','Auto-seeded lesson 10',NULL,47),(701,'Module 11 - 4	DevOps Course 2','Auto-seeded lesson 11',NULL,47),(702,'Module 12 - 4	DevOps Course 2','Auto-seeded lesson 12',NULL,47),(703,'Module 13 - 4	DevOps Course 2','Auto-seeded lesson 13',NULL,47),(704,'Module 14 - 4	DevOps Course 2','Auto-seeded lesson 14',NULL,47),(705,'Module 15 - 4	DevOps Course 2','Auto-seeded lesson 15',NULL,47),(706,'Module 1 - 4	DevOps Course 3','Auto-seeded lesson 1',NULL,48),(707,'Module 2 - 4	DevOps Course 3','Auto-seeded lesson 2',NULL,48),(708,'Module 3 - 4	DevOps Course 3','Auto-seeded lesson 3',NULL,48),(709,'Module 4 - 4	DevOps Course 3','Auto-seeded lesson 4',NULL,48),(710,'Module 5 - 4	DevOps Course 3','Auto-seeded lesson 5',NULL,48),(711,'Module 6 - 4	DevOps Course 3','Auto-seeded lesson 6',NULL,48),(712,'Module 7 - 4	DevOps Course 3','Auto-seeded lesson 7',NULL,48),(713,'Module 8 - 4	DevOps Course 3','Auto-seeded lesson 8',NULL,48),(714,'Module 9 - 4	DevOps Course 3','Auto-seeded lesson 9',NULL,48),(715,'Module 10 - 4	DevOps Course 3','Auto-seeded lesson 10',NULL,48),(716,'Module 11 - 4	DevOps Course 3','Auto-seeded lesson 11',NULL,48),(717,'Module 12 - 4	DevOps Course 3','Auto-seeded lesson 12',NULL,48),(718,'Module 13 - 4	DevOps Course 3','Auto-seeded lesson 13',NULL,48),(719,'Module 14 - 4	DevOps Course 3','Auto-seeded lesson 14',NULL,48),(720,'Module 15 - 4	DevOps Course 3','Auto-seeded lesson 15',NULL,48),(721,'Module 1 - 4	DevOps Course 4','Auto-seeded lesson 1',NULL,49),(722,'Module 2 - 4	DevOps Course 4','Auto-seeded lesson 2',NULL,49),(723,'Module 3 - 4	DevOps Course 4','Auto-seeded lesson 3',NULL,49),(724,'Module 4 - 4	DevOps Course 4','Auto-seeded lesson 4',NULL,49),(725,'Module 5 - 4	DevOps Course 4','Auto-seeded lesson 5',NULL,49),(726,'Module 6 - 4	DevOps Course 4','Auto-seeded lesson 6',NULL,49),(727,'Module 7 - 4	DevOps Course 4','Auto-seeded lesson 7',NULL,49),(728,'Module 8 - 4	DevOps Course 4','Auto-seeded lesson 8',NULL,49),(729,'Module 9 - 4	DevOps Course 4','Auto-seeded lesson 9',NULL,49),(730,'Module 10 - 4	DevOps Course 4','Auto-seeded lesson 10',NULL,49),(731,'Module 11 - 4	DevOps Course 4','Auto-seeded lesson 11',NULL,49),(732,'Module 12 - 4	DevOps Course 4','Auto-seeded lesson 12',NULL,49),(733,'Module 13 - 4	DevOps Course 4','Auto-seeded lesson 13',NULL,49),(734,'Module 14 - 4	DevOps Course 4','Auto-seeded lesson 14',NULL,49),(735,'Module 15 - 4	DevOps Course 4','Auto-seeded lesson 15',NULL,49),(736,'Module 1 - 4	DevOps Course 5','Auto-seeded lesson 1',NULL,50),(737,'Module 2 - 4	DevOps Course 5','Auto-seeded lesson 2',NULL,50),(738,'Module 3 - 4	DevOps Course 5','Auto-seeded lesson 3',NULL,50),(739,'Module 4 - 4	DevOps Course 5','Auto-seeded lesson 4',NULL,50),(740,'Module 5 - 4	DevOps Course 5','Auto-seeded lesson 5',NULL,50),(741,'Module 6 - 4	DevOps Course 5','Auto-seeded lesson 6',NULL,50),(742,'Module 7 - 4	DevOps Course 5','Auto-seeded lesson 7',NULL,50),(743,'Module 8 - 4	DevOps Course 5','Auto-seeded lesson 8',NULL,50),(744,'Module 9 - 4	DevOps Course 5','Auto-seeded lesson 9',NULL,50),(745,'Module 10 - 4	DevOps Course 5','Auto-seeded lesson 10',NULL,50),(746,'Module 11 - 4	DevOps Course 5','Auto-seeded lesson 11',NULL,50),(747,'Module 12 - 4	DevOps Course 5','Auto-seeded lesson 12',NULL,50),(748,'Module 13 - 4	DevOps Course 5','Auto-seeded lesson 13',NULL,50),(749,'Module 14 - 4	DevOps Course 5','Auto-seeded lesson 14',NULL,50),(750,'Module 15 - 4	DevOps Course 5','Auto-seeded lesson 15',NULL,50),(751,'Module 1 - 4	DevOps Course 6','Auto-seeded lesson 1',NULL,51),(752,'Module 2 - 4	DevOps Course 6','Auto-seeded lesson 2',NULL,51),(753,'Module 3 - 4	DevOps Course 6','Auto-seeded lesson 3',NULL,51),(754,'Module 4 - 4	DevOps Course 6','Auto-seeded lesson 4',NULL,51),(755,'Module 5 - 4	DevOps Course 6','Auto-seeded lesson 5',NULL,51),(756,'Module 6 - 4	DevOps Course 6','Auto-seeded lesson 6',NULL,51),(757,'Module 7 - 4	DevOps Course 6','Auto-seeded lesson 7',NULL,51),(758,'Module 8 - 4	DevOps Course 6','Auto-seeded lesson 8',NULL,51),(759,'Module 9 - 4	DevOps Course 6','Auto-seeded lesson 9',NULL,51),(760,'Module 10 - 4	DevOps Course 6','Auto-seeded lesson 10',NULL,51),(761,'Module 11 - 4	DevOps Course 6','Auto-seeded lesson 11',NULL,51),(762,'Module 12 - 4	DevOps Course 6','Auto-seeded lesson 12',NULL,51),(763,'Module 13 - 4	DevOps Course 6','Auto-seeded lesson 13',NULL,51),(764,'Module 14 - 4	DevOps Course 6','Auto-seeded lesson 14',NULL,51),(765,'Module 15 - 4	DevOps Course 6','Auto-seeded lesson 15',NULL,51),(766,'Module 1 - 4	DevOps Course 7','Auto-seeded lesson 1',NULL,52),(767,'Module 2 - 4	DevOps Course 7','Auto-seeded lesson 2',NULL,52),(768,'Module 3 - 4	DevOps Course 7','Auto-seeded lesson 3',NULL,52),(769,'Module 4 - 4	DevOps Course 7','Auto-seeded lesson 4',NULL,52),(770,'Module 5 - 4	DevOps Course 7','Auto-seeded lesson 5',NULL,52),(771,'Module 6 - 4	DevOps Course 7','Auto-seeded lesson 6',NULL,52),(772,'Module 7 - 4	DevOps Course 7','Auto-seeded lesson 7',NULL,52),(773,'Module 8 - 4	DevOps Course 7','Auto-seeded lesson 8',NULL,52),(774,'Module 9 - 4	DevOps Course 7','Auto-seeded lesson 9',NULL,52),(775,'Module 10 - 4	DevOps Course 7','Auto-seeded lesson 10',NULL,52),(776,'Module 11 - 4	DevOps Course 7','Auto-seeded lesson 11',NULL,52),(777,'Module 12 - 4	DevOps Course 7','Auto-seeded lesson 12',NULL,52),(778,'Module 13 - 4	DevOps Course 7','Auto-seeded lesson 13',NULL,52),(779,'Module 14 - 4	DevOps Course 7','Auto-seeded lesson 14',NULL,52),(780,'Module 15 - 4	DevOps Course 7','Auto-seeded lesson 15',NULL,52),(781,'Module 1 - 4	DevOps Course 8','Auto-seeded lesson 1',NULL,53),(782,'Module 2 - 4	DevOps Course 8','Auto-seeded lesson 2',NULL,53),(783,'Module 3 - 4	DevOps Course 8','Auto-seeded lesson 3',NULL,53),(784,'Module 4 - 4	DevOps Course 8','Auto-seeded lesson 4',NULL,53),(785,'Module 5 - 4	DevOps Course 8','Auto-seeded lesson 5',NULL,53),(786,'Module 6 - 4	DevOps Course 8','Auto-seeded lesson 6',NULL,53),(787,'Module 7 - 4	DevOps Course 8','Auto-seeded lesson 7',NULL,53),(788,'Module 8 - 4	DevOps Course 8','Auto-seeded lesson 8',NULL,53),(789,'Module 9 - 4	DevOps Course 8','Auto-seeded lesson 9',NULL,53),(790,'Module 10 - 4	DevOps Course 8','Auto-seeded lesson 10',NULL,53),(791,'Module 11 - 4	DevOps Course 8','Auto-seeded lesson 11',NULL,53),(792,'Module 12 - 4	DevOps Course 8','Auto-seeded lesson 12',NULL,53),(793,'Module 13 - 4	DevOps Course 8','Auto-seeded lesson 13',NULL,53),(794,'Module 14 - 4	DevOps Course 8','Auto-seeded lesson 14',NULL,53),(795,'Module 15 - 4	DevOps Course 8','Auto-seeded lesson 15',NULL,53),(796,'Module 1 - 4	DevOps Course 9','Auto-seeded lesson 1',NULL,54),(797,'Module 2 - 4	DevOps Course 9','Auto-seeded lesson 2',NULL,54),(798,'Module 3 - 4	DevOps Course 9','Auto-seeded lesson 3',NULL,54),(799,'Module 4 - 4	DevOps Course 9','Auto-seeded lesson 4',NULL,54),(800,'Module 5 - 4	DevOps Course 9','Auto-seeded lesson 5',NULL,54),(801,'Module 6 - 4	DevOps Course 9','Auto-seeded lesson 6',NULL,54),(802,'Module 7 - 4	DevOps Course 9','Auto-seeded lesson 7',NULL,54),(803,'Module 8 - 4	DevOps Course 9','Auto-seeded lesson 8',NULL,54),(804,'Module 9 - 4	DevOps Course 9','Auto-seeded lesson 9',NULL,54),(805,'Module 10 - 4	DevOps Course 9','Auto-seeded lesson 10',NULL,54),(806,'Module 11 - 4	DevOps Course 9','Auto-seeded lesson 11',NULL,54),(807,'Module 12 - 4	DevOps Course 9','Auto-seeded lesson 12',NULL,54),(808,'Module 13 - 4	DevOps Course 9','Auto-seeded lesson 13',NULL,54),(809,'Module 14 - 4	DevOps Course 9','Auto-seeded lesson 14',NULL,54),(810,'Module 15 - 4	DevOps Course 9','Auto-seeded lesson 15',NULL,54),(811,'Module 1 - 4	DevOps Course 10','Auto-seeded lesson 1',NULL,55),(812,'Module 2 - 4	DevOps Course 10','Auto-seeded lesson 2',NULL,55),(813,'Module 3 - 4	DevOps Course 10','Auto-seeded lesson 3',NULL,55),(814,'Module 4 - 4	DevOps Course 10','Auto-seeded lesson 4',NULL,55),(815,'Module 5 - 4	DevOps Course 10','Auto-seeded lesson 5',NULL,55),(816,'Module 6 - 4	DevOps Course 10','Auto-seeded lesson 6',NULL,55),(817,'Module 7 - 4	DevOps Course 10','Auto-seeded lesson 7',NULL,55),(818,'Module 8 - 4	DevOps Course 10','Auto-seeded lesson 8',NULL,55),(819,'Module 9 - 4	DevOps Course 10','Auto-seeded lesson 9',NULL,55),(820,'Module 10 - 4	DevOps Course 10','Auto-seeded lesson 10',NULL,55),(821,'Module 11 - 4	DevOps Course 10','Auto-seeded lesson 11',NULL,55),(822,'Module 12 - 4	DevOps Course 10','Auto-seeded lesson 12',NULL,55),(823,'Module 13 - 4	DevOps Course 10','Auto-seeded lesson 13',NULL,55),(824,'Module 14 - 4	DevOps Course 10','Auto-seeded lesson 14',NULL,55),(825,'Module 15 - 4	DevOps Course 10','Auto-seeded lesson 15',NULL,55),(826,'Module 1 - 4	DevOps Course 11','Auto-seeded lesson 1',NULL,56),(827,'Module 2 - 4	DevOps Course 11','Auto-seeded lesson 2',NULL,56),(828,'Module 3 - 4	DevOps Course 11','Auto-seeded lesson 3',NULL,56),(829,'Module 4 - 4	DevOps Course 11','Auto-seeded lesson 4',NULL,56),(830,'Module 5 - 4	DevOps Course 11','Auto-seeded lesson 5',NULL,56),(831,'Module 6 - 4	DevOps Course 11','Auto-seeded lesson 6',NULL,56),(832,'Module 7 - 4	DevOps Course 11','Auto-seeded lesson 7',NULL,56),(833,'Module 8 - 4	DevOps Course 11','Auto-seeded lesson 8',NULL,56),(834,'Module 9 - 4	DevOps Course 11','Auto-seeded lesson 9',NULL,56),(835,'Module 10 - 4	DevOps Course 11','Auto-seeded lesson 10',NULL,56),(836,'Module 11 - 4	DevOps Course 11','Auto-seeded lesson 11',NULL,56),(837,'Module 12 - 4	DevOps Course 11','Auto-seeded lesson 12',NULL,56),(838,'Module 13 - 4	DevOps Course 11','Auto-seeded lesson 13',NULL,56),(839,'Module 14 - 4	DevOps Course 11','Auto-seeded lesson 14',NULL,56),(840,'Module 15 - 4	DevOps Course 11','Auto-seeded lesson 15',NULL,56),(841,'Module 1 - 4	DevOps Course 12','Auto-seeded lesson 1',NULL,57),(842,'Module 2 - 4	DevOps Course 12','Auto-seeded lesson 2',NULL,57),(843,'Module 3 - 4	DevOps Course 12','Auto-seeded lesson 3',NULL,57),(844,'Module 4 - 4	DevOps Course 12','Auto-seeded lesson 4',NULL,57),(845,'Module 5 - 4	DevOps Course 12','Auto-seeded lesson 5',NULL,57),(846,'Module 6 - 4	DevOps Course 12','Auto-seeded lesson 6',NULL,57),(847,'Module 7 - 4	DevOps Course 12','Auto-seeded lesson 7',NULL,57),(848,'Module 8 - 4	DevOps Course 12','Auto-seeded lesson 8',NULL,57),(849,'Module 9 - 4	DevOps Course 12','Auto-seeded lesson 9',NULL,57),(850,'Module 10 - 4	DevOps Course 12','Auto-seeded lesson 10',NULL,57),(851,'Module 11 - 4	DevOps Course 12','Auto-seeded lesson 11',NULL,57),(852,'Module 12 - 4	DevOps Course 12','Auto-seeded lesson 12',NULL,57),(853,'Module 13 - 4	DevOps Course 12','Auto-seeded lesson 13',NULL,57),(854,'Module 14 - 4	DevOps Course 12','Auto-seeded lesson 14',NULL,57),(855,'Module 15 - 4	DevOps Course 12','Auto-seeded lesson 15',NULL,57),(856,'Module 1 - 4	DevOps Course 13','Auto-seeded lesson 1',NULL,58),(857,'Module 2 - 4	DevOps Course 13','Auto-seeded lesson 2',NULL,58),(858,'Module 3 - 4	DevOps Course 13','Auto-seeded lesson 3',NULL,58),(859,'Module 4 - 4	DevOps Course 13','Auto-seeded lesson 4',NULL,58),(860,'Module 5 - 4	DevOps Course 13','Auto-seeded lesson 5',NULL,58),(861,'Module 6 - 4	DevOps Course 13','Auto-seeded lesson 6',NULL,58),(862,'Module 7 - 4	DevOps Course 13','Auto-seeded lesson 7',NULL,58),(863,'Module 8 - 4	DevOps Course 13','Auto-seeded lesson 8',NULL,58),(864,'Module 9 - 4	DevOps Course 13','Auto-seeded lesson 9',NULL,58),(865,'Module 10 - 4	DevOps Course 13','Auto-seeded lesson 10',NULL,58),(866,'Module 11 - 4	DevOps Course 13','Auto-seeded lesson 11',NULL,58),(867,'Module 12 - 4	DevOps Course 13','Auto-seeded lesson 12',NULL,58),(868,'Module 13 - 4	DevOps Course 13','Auto-seeded lesson 13',NULL,58),(869,'Module 14 - 4	DevOps Course 13','Auto-seeded lesson 14',NULL,58),(870,'Module 15 - 4	DevOps Course 13','Auto-seeded lesson 15',NULL,58),(871,'Module 1 - 4	DevOps Course 14','Auto-seeded lesson 1',NULL,59),(872,'Module 2 - 4	DevOps Course 14','Auto-seeded lesson 2',NULL,59),(873,'Module 3 - 4	DevOps Course 14','Auto-seeded lesson 3',NULL,59),(874,'Module 4 - 4	DevOps Course 14','Auto-seeded lesson 4',NULL,59),(875,'Module 5 - 4	DevOps Course 14','Auto-seeded lesson 5',NULL,59),(876,'Module 6 - 4	DevOps Course 14','Auto-seeded lesson 6',NULL,59),(877,'Module 7 - 4	DevOps Course 14','Auto-seeded lesson 7',NULL,59),(878,'Module 8 - 4	DevOps Course 14','Auto-seeded lesson 8',NULL,59),(879,'Module 9 - 4	DevOps Course 14','Auto-seeded lesson 9',NULL,59),(880,'Module 10 - 4	DevOps Course 14','Auto-seeded lesson 10',NULL,59),(881,'Module 11 - 4	DevOps Course 14','Auto-seeded lesson 11',NULL,59),(882,'Module 12 - 4	DevOps Course 14','Auto-seeded lesson 12',NULL,59),(883,'Module 13 - 4	DevOps Course 14','Auto-seeded lesson 13',NULL,59),(884,'Module 14 - 4	DevOps Course 14','Auto-seeded lesson 14',NULL,59),(885,'Module 15 - 4	DevOps Course 14','Auto-seeded lesson 15',NULL,59),(886,'Module 1 - 4	DevOps Course 15','Auto-seeded lesson 1',NULL,60),(887,'Module 2 - 4	DevOps Course 15','Auto-seeded lesson 2',NULL,60),(888,'Module 3 - 4	DevOps Course 15','Auto-seeded lesson 3',NULL,60),(889,'Module 4 - 4	DevOps Course 15','Auto-seeded lesson 4',NULL,60),(890,'Module 5 - 4	DevOps Course 15','Auto-seeded lesson 5',NULL,60),(891,'Module 6 - 4	DevOps Course 15','Auto-seeded lesson 6',NULL,60),(892,'Module 7 - 4	DevOps Course 15','Auto-seeded lesson 7',NULL,60),(893,'Module 8 - 4	DevOps Course 15','Auto-seeded lesson 8',NULL,60),(894,'Module 9 - 4	DevOps Course 15','Auto-seeded lesson 9',NULL,60),(895,'Module 10 - 4	DevOps Course 15','Auto-seeded lesson 10',NULL,60),(896,'Module 11 - 4	DevOps Course 15','Auto-seeded lesson 11',NULL,60),(897,'Module 12 - 4	DevOps Course 15','Auto-seeded lesson 12',NULL,60),(898,'Module 13 - 4	DevOps Course 15','Auto-seeded lesson 13',NULL,60),(899,'Module 14 - 4	DevOps Course 15','Auto-seeded lesson 14',NULL,60),(900,'Module 15 - 4	DevOps Course 15','Auto-seeded lesson 15',NULL,60),(901,'Module 1 - 5	ai Course 1','Auto-seeded lesson 1',NULL,61),(902,'Module 2 - 5	ai Course 1','Auto-seeded lesson 2',NULL,61),(903,'Module 3 - 5	ai Course 1','Auto-seeded lesson 3',NULL,61),(904,'Module 4 - 5	ai Course 1','Auto-seeded lesson 4',NULL,61),(905,'Module 5 - 5	ai Course 1','Auto-seeded lesson 5',NULL,61),(906,'Module 6 - 5	ai Course 1','Auto-seeded lesson 6',NULL,61),(907,'Module 7 - 5	ai Course 1','Auto-seeded lesson 7',NULL,61),(908,'Module 8 - 5	ai Course 1','Auto-seeded lesson 8',NULL,61),(909,'Module 9 - 5	ai Course 1','Auto-seeded lesson 9',NULL,61),(910,'Module 10 - 5	ai Course 1','Auto-seeded lesson 10',NULL,61),(911,'Module 11 - 5	ai Course 1','Auto-seeded lesson 11',NULL,61),(912,'Module 12 - 5	ai Course 1','Auto-seeded lesson 12',NULL,61),(913,'Module 13 - 5	ai Course 1','Auto-seeded lesson 13',NULL,61),(914,'Module 14 - 5	ai Course 1','Auto-seeded lesson 14',NULL,61),(915,'Module 15 - 5	ai Course 1','Auto-seeded lesson 15',NULL,61),(916,'Module 1 - 5	ai Course 2','Auto-seeded lesson 1',NULL,62),(917,'Module 2 - 5	ai Course 2','Auto-seeded lesson 2',NULL,62),(918,'Module 3 - 5	ai Course 2','Auto-seeded lesson 3',NULL,62),(919,'Module 4 - 5	ai Course 2','Auto-seeded lesson 4',NULL,62),(920,'Module 5 - 5	ai Course 2','Auto-seeded lesson 5',NULL,62),(921,'Module 6 - 5	ai Course 2','Auto-seeded lesson 6',NULL,62),(922,'Module 7 - 5	ai Course 2','Auto-seeded lesson 7',NULL,62),(923,'Module 8 - 5	ai Course 2','Auto-seeded lesson 8',NULL,62),(924,'Module 9 - 5	ai Course 2','Auto-seeded lesson 9',NULL,62),(925,'Module 10 - 5	ai Course 2','Auto-seeded lesson 10',NULL,62),(926,'Module 11 - 5	ai Course 2','Auto-seeded lesson 11',NULL,62),(927,'Module 12 - 5	ai Course 2','Auto-seeded lesson 12',NULL,62),(928,'Module 13 - 5	ai Course 2','Auto-seeded lesson 13',NULL,62),(929,'Module 14 - 5	ai Course 2','Auto-seeded lesson 14',NULL,62),(930,'Module 15 - 5	ai Course 2','Auto-seeded lesson 15',NULL,62),(931,'Module 1 - 5	ai Course 3','Auto-seeded lesson 1',NULL,63),(932,'Module 2 - 5	ai Course 3','Auto-seeded lesson 2',NULL,63),(933,'Module 3 - 5	ai Course 3','Auto-seeded lesson 3',NULL,63),(934,'Module 4 - 5	ai Course 3','Auto-seeded lesson 4',NULL,63),(935,'Module 5 - 5	ai Course 3','Auto-seeded lesson 5',NULL,63),(936,'Module 6 - 5	ai Course 3','Auto-seeded lesson 6',NULL,63),(937,'Module 7 - 5	ai Course 3','Auto-seeded lesson 7',NULL,63),(938,'Module 8 - 5	ai Course 3','Auto-seeded lesson 8',NULL,63),(939,'Module 9 - 5	ai Course 3','Auto-seeded lesson 9',NULL,63),(940,'Module 10 - 5	ai Course 3','Auto-seeded lesson 10',NULL,63),(941,'Module 11 - 5	ai Course 3','Auto-seeded lesson 11',NULL,63),(942,'Module 12 - 5	ai Course 3','Auto-seeded lesson 12',NULL,63),(943,'Module 13 - 5	ai Course 3','Auto-seeded lesson 13',NULL,63),(944,'Module 14 - 5	ai Course 3','Auto-seeded lesson 14',NULL,63),(945,'Module 15 - 5	ai Course 3','Auto-seeded lesson 15',NULL,63),(946,'Module 1 - 5	ai Course 4','Auto-seeded lesson 1',NULL,64),(947,'Module 2 - 5	ai Course 4','Auto-seeded lesson 2',NULL,64),(948,'Module 3 - 5	ai Course 4','Auto-seeded lesson 3',NULL,64),(949,'Module 4 - 5	ai Course 4','Auto-seeded lesson 4',NULL,64),(950,'Module 5 - 5	ai Course 4','Auto-seeded lesson 5',NULL,64),(951,'Module 6 - 5	ai Course 4','Auto-seeded lesson 6',NULL,64),(952,'Module 7 - 5	ai Course 4','Auto-seeded lesson 7',NULL,64),(953,'Module 8 - 5	ai Course 4','Auto-seeded lesson 8',NULL,64),(954,'Module 9 - 5	ai Course 4','Auto-seeded lesson 9',NULL,64),(955,'Module 10 - 5	ai Course 4','Auto-seeded lesson 10',NULL,64),(956,'Module 11 - 5	ai Course 4','Auto-seeded lesson 11',NULL,64),(957,'Module 12 - 5	ai Course 4','Auto-seeded lesson 12',NULL,64),(958,'Module 13 - 5	ai Course 4','Auto-seeded lesson 13',NULL,64),(959,'Module 14 - 5	ai Course 4','Auto-seeded lesson 14',NULL,64),(960,'Module 15 - 5	ai Course 4','Auto-seeded lesson 15',NULL,64),(961,'Module 1 - 5	ai Course 5','Auto-seeded lesson 1',NULL,65),(962,'Module 2 - 5	ai Course 5','Auto-seeded lesson 2',NULL,65),(963,'Module 3 - 5	ai Course 5','Auto-seeded lesson 3',NULL,65),(964,'Module 4 - 5	ai Course 5','Auto-seeded lesson 4',NULL,65),(965,'Module 5 - 5	ai Course 5','Auto-seeded lesson 5',NULL,65),(966,'Module 6 - 5	ai Course 5','Auto-seeded lesson 6',NULL,65),(967,'Module 7 - 5	ai Course 5','Auto-seeded lesson 7',NULL,65),(968,'Module 8 - 5	ai Course 5','Auto-seeded lesson 8',NULL,65),(969,'Module 9 - 5	ai Course 5','Auto-seeded lesson 9',NULL,65),(970,'Module 10 - 5	ai Course 5','Auto-seeded lesson 10',NULL,65),(971,'Module 11 - 5	ai Course 5','Auto-seeded lesson 11',NULL,65),(972,'Module 12 - 5	ai Course 5','Auto-seeded lesson 12',NULL,65),(973,'Module 13 - 5	ai Course 5','Auto-seeded lesson 13',NULL,65),(974,'Module 14 - 5	ai Course 5','Auto-seeded lesson 14',NULL,65),(975,'Module 15 - 5	ai Course 5','Auto-seeded lesson 15',NULL,65),(976,'Module 1 - 5	ai Course 6','Auto-seeded lesson 1',NULL,66),(977,'Module 2 - 5	ai Course 6','Auto-seeded lesson 2',NULL,66),(978,'Module 3 - 5	ai Course 6','Auto-seeded lesson 3',NULL,66),(979,'Module 4 - 5	ai Course 6','Auto-seeded lesson 4',NULL,66),(980,'Module 5 - 5	ai Course 6','Auto-seeded lesson 5',NULL,66),(981,'Module 6 - 5	ai Course 6','Auto-seeded lesson 6',NULL,66),(982,'Module 7 - 5	ai Course 6','Auto-seeded lesson 7',NULL,66),(983,'Module 8 - 5	ai Course 6','Auto-seeded lesson 8',NULL,66),(984,'Module 9 - 5	ai Course 6','Auto-seeded lesson 9',NULL,66),(985,'Module 10 - 5	ai Course 6','Auto-seeded lesson 10',NULL,66),(986,'Module 11 - 5	ai Course 6','Auto-seeded lesson 11',NULL,66),(987,'Module 12 - 5	ai Course 6','Auto-seeded lesson 12',NULL,66),(988,'Module 13 - 5	ai Course 6','Auto-seeded lesson 13',NULL,66),(989,'Module 14 - 5	ai Course 6','Auto-seeded lesson 14',NULL,66),(990,'Module 15 - 5	ai Course 6','Auto-seeded lesson 15',NULL,66),(991,'Module 1 - 5	ai Course 7','Auto-seeded lesson 1',NULL,67),(992,'Module 2 - 5	ai Course 7','Auto-seeded lesson 2',NULL,67),(993,'Module 3 - 5	ai Course 7','Auto-seeded lesson 3',NULL,67),(994,'Module 4 - 5	ai Course 7','Auto-seeded lesson 4',NULL,67),(995,'Module 5 - 5	ai Course 7','Auto-seeded lesson 5',NULL,67),(996,'Module 6 - 5	ai Course 7','Auto-seeded lesson 6',NULL,67),(997,'Module 7 - 5	ai Course 7','Auto-seeded lesson 7',NULL,67),(998,'Module 8 - 5	ai Course 7','Auto-seeded lesson 8',NULL,67),(999,'Module 9 - 5	ai Course 7','Auto-seeded lesson 9',NULL,67),(1000,'Module 10 - 5	ai Course 7','Auto-seeded lesson 10',NULL,67),(1001,'Module 11 - 5	ai Course 7','Auto-seeded lesson 11',NULL,67),(1002,'Module 12 - 5	ai Course 7','Auto-seeded lesson 12',NULL,67),(1003,'Module 13 - 5	ai Course 7','Auto-seeded lesson 13',NULL,67),(1004,'Module 14 - 5	ai Course 7','Auto-seeded lesson 14',NULL,67),(1005,'Module 15 - 5	ai Course 7','Auto-seeded lesson 15',NULL,67),(1006,'Module 1 - 5	ai Course 8','Auto-seeded lesson 1',NULL,68),(1007,'Module 2 - 5	ai Course 8','Auto-seeded lesson 2',NULL,68),(1008,'Module 3 - 5	ai Course 8','Auto-seeded lesson 3',NULL,68),(1009,'Module 4 - 5	ai Course 8','Auto-seeded lesson 4',NULL,68),(1010,'Module 5 - 5	ai Course 8','Auto-seeded lesson 5',NULL,68),(1011,'Module 6 - 5	ai Course 8','Auto-seeded lesson 6',NULL,68),(1012,'Module 7 - 5	ai Course 8','Auto-seeded lesson 7',NULL,68),(1013,'Module 8 - 5	ai Course 8','Auto-seeded lesson 8',NULL,68),(1014,'Module 9 - 5	ai Course 8','Auto-seeded lesson 9',NULL,68),(1015,'Module 10 - 5	ai Course 8','Auto-seeded lesson 10',NULL,68),(1016,'Module 11 - 5	ai Course 8','Auto-seeded lesson 11',NULL,68),(1017,'Module 12 - 5	ai Course 8','Auto-seeded lesson 12',NULL,68),(1018,'Module 13 - 5	ai Course 8','Auto-seeded lesson 13',NULL,68),(1019,'Module 14 - 5	ai Course 8','Auto-seeded lesson 14',NULL,68),(1020,'Module 15 - 5	ai Course 8','Auto-seeded lesson 15',NULL,68),(1021,'Module 1 - 5	ai Course 9','Auto-seeded lesson 1',NULL,69),(1022,'Module 2 - 5	ai Course 9','Auto-seeded lesson 2',NULL,69),(1023,'Module 3 - 5	ai Course 9','Auto-seeded lesson 3',NULL,69),(1024,'Module 4 - 5	ai Course 9','Auto-seeded lesson 4',NULL,69),(1025,'Module 5 - 5	ai Course 9','Auto-seeded lesson 5',NULL,69),(1026,'Module 6 - 5	ai Course 9','Auto-seeded lesson 6',NULL,69),(1027,'Module 7 - 5	ai Course 9','Auto-seeded lesson 7',NULL,69),(1028,'Module 8 - 5	ai Course 9','Auto-seeded lesson 8',NULL,69),(1029,'Module 9 - 5	ai Course 9','Auto-seeded lesson 9',NULL,69),(1030,'Module 10 - 5	ai Course 9','Auto-seeded lesson 10',NULL,69),(1031,'Module 11 - 5	ai Course 9','Auto-seeded lesson 11',NULL,69),(1032,'Module 12 - 5	ai Course 9','Auto-seeded lesson 12',NULL,69),(1033,'Module 13 - 5	ai Course 9','Auto-seeded lesson 13',NULL,69),(1034,'Module 14 - 5	ai Course 9','Auto-seeded lesson 14',NULL,69),(1035,'Module 15 - 5	ai Course 9','Auto-seeded lesson 15',NULL,69),(1036,'Module 1 - 5	ai Course 10','Auto-seeded lesson 1',NULL,70),(1037,'Module 2 - 5	ai Course 10','Auto-seeded lesson 2',NULL,70),(1038,'Module 3 - 5	ai Course 10','Auto-seeded lesson 3',NULL,70),(1039,'Module 4 - 5	ai Course 10','Auto-seeded lesson 4',NULL,70),(1040,'Module 5 - 5	ai Course 10','Auto-seeded lesson 5',NULL,70),(1041,'Module 6 - 5	ai Course 10','Auto-seeded lesson 6',NULL,70),(1042,'Module 7 - 5	ai Course 10','Auto-seeded lesson 7',NULL,70),(1043,'Module 8 - 5	ai Course 10','Auto-seeded lesson 8',NULL,70),(1044,'Module 9 - 5	ai Course 10','Auto-seeded lesson 9',NULL,70),(1045,'Module 10 - 5	ai Course 10','Auto-seeded lesson 10',NULL,70),(1046,'Module 11 - 5	ai Course 10','Auto-seeded lesson 11',NULL,70),(1047,'Module 12 - 5	ai Course 10','Auto-seeded lesson 12',NULL,70),(1048,'Module 13 - 5	ai Course 10','Auto-seeded lesson 13',NULL,70),(1049,'Module 14 - 5	ai Course 10','Auto-seeded lesson 14',NULL,70),(1050,'Module 15 - 5	ai Course 10','Auto-seeded lesson 15',NULL,70),(1051,'Module 1 - 5	ai Course 11','Auto-seeded lesson 1',NULL,71),(1052,'Module 2 - 5	ai Course 11','Auto-seeded lesson 2',NULL,71),(1053,'Module 3 - 5	ai Course 11','Auto-seeded lesson 3',NULL,71),(1054,'Module 4 - 5	ai Course 11','Auto-seeded lesson 4',NULL,71),(1055,'Module 5 - 5	ai Course 11','Auto-seeded lesson 5',NULL,71),(1056,'Module 6 - 5	ai Course 11','Auto-seeded lesson 6',NULL,71),(1057,'Module 7 - 5	ai Course 11','Auto-seeded lesson 7',NULL,71),(1058,'Module 8 - 5	ai Course 11','Auto-seeded lesson 8',NULL,71),(1059,'Module 9 - 5	ai Course 11','Auto-seeded lesson 9',NULL,71),(1060,'Module 10 - 5	ai Course 11','Auto-seeded lesson 10',NULL,71),(1061,'Module 11 - 5	ai Course 11','Auto-seeded lesson 11',NULL,71),(1062,'Module 12 - 5	ai Course 11','Auto-seeded lesson 12',NULL,71),(1063,'Module 13 - 5	ai Course 11','Auto-seeded lesson 13',NULL,71),(1064,'Module 14 - 5	ai Course 11','Auto-seeded lesson 14',NULL,71),(1065,'Module 15 - 5	ai Course 11','Auto-seeded lesson 15',NULL,71),(1066,'Module 1 - 5	ai Course 12','Auto-seeded lesson 1',NULL,72),(1067,'Module 2 - 5	ai Course 12','Auto-seeded lesson 2',NULL,72),(1068,'Module 3 - 5	ai Course 12','Auto-seeded lesson 3',NULL,72),(1069,'Module 4 - 5	ai Course 12','Auto-seeded lesson 4',NULL,72),(1070,'Module 5 - 5	ai Course 12','Auto-seeded lesson 5',NULL,72),(1071,'Module 6 - 5	ai Course 12','Auto-seeded lesson 6',NULL,72),(1072,'Module 7 - 5	ai Course 12','Auto-seeded lesson 7',NULL,72),(1073,'Module 8 - 5	ai Course 12','Auto-seeded lesson 8',NULL,72),(1074,'Module 9 - 5	ai Course 12','Auto-seeded lesson 9',NULL,72),(1075,'Module 10 - 5	ai Course 12','Auto-seeded lesson 10',NULL,72),(1076,'Module 11 - 5	ai Course 12','Auto-seeded lesson 11',NULL,72),(1077,'Module 12 - 5	ai Course 12','Auto-seeded lesson 12',NULL,72),(1078,'Module 13 - 5	ai Course 12','Auto-seeded lesson 13',NULL,72),(1079,'Module 14 - 5	ai Course 12','Auto-seeded lesson 14',NULL,72),(1080,'Module 15 - 5	ai Course 12','Auto-seeded lesson 15',NULL,72),(1081,'Module 1 - 5	ai Course 13','Auto-seeded lesson 1',NULL,73),(1082,'Module 2 - 5	ai Course 13','Auto-seeded lesson 2',NULL,73),(1083,'Module 3 - 5	ai Course 13','Auto-seeded lesson 3',NULL,73),(1084,'Module 4 - 5	ai Course 13','Auto-seeded lesson 4',NULL,73),(1085,'Module 5 - 5	ai Course 13','Auto-seeded lesson 5',NULL,73),(1086,'Module 6 - 5	ai Course 13','Auto-seeded lesson 6',NULL,73),(1087,'Module 7 - 5	ai Course 13','Auto-seeded lesson 7',NULL,73),(1088,'Module 8 - 5	ai Course 13','Auto-seeded lesson 8',NULL,73),(1089,'Module 9 - 5	ai Course 13','Auto-seeded lesson 9',NULL,73),(1090,'Module 10 - 5	ai Course 13','Auto-seeded lesson 10',NULL,73),(1091,'Module 11 - 5	ai Course 13','Auto-seeded lesson 11',NULL,73),(1092,'Module 12 - 5	ai Course 13','Auto-seeded lesson 12',NULL,73),(1093,'Module 13 - 5	ai Course 13','Auto-seeded lesson 13',NULL,73),(1094,'Module 14 - 5	ai Course 13','Auto-seeded lesson 14',NULL,73),(1095,'Module 15 - 5	ai Course 13','Auto-seeded lesson 15',NULL,73),(1096,'Module 1 - 5	ai Course 14','Auto-seeded lesson 1',NULL,74),(1097,'Module 2 - 5	ai Course 14','Auto-seeded lesson 2',NULL,74),(1098,'Module 3 - 5	ai Course 14','Auto-seeded lesson 3',NULL,74),(1099,'Module 4 - 5	ai Course 14','Auto-seeded lesson 4',NULL,74),(1100,'Module 5 - 5	ai Course 14','Auto-seeded lesson 5',NULL,74),(1101,'Module 6 - 5	ai Course 14','Auto-seeded lesson 6',NULL,74),(1102,'Module 7 - 5	ai Course 14','Auto-seeded lesson 7',NULL,74),(1103,'Module 8 - 5	ai Course 14','Auto-seeded lesson 8',NULL,74),(1104,'Module 9 - 5	ai Course 14','Auto-seeded lesson 9',NULL,74),(1105,'Module 10 - 5	ai Course 14','Auto-seeded lesson 10',NULL,74),(1106,'Module 11 - 5	ai Course 14','Auto-seeded lesson 11',NULL,74),(1107,'Module 12 - 5	ai Course 14','Auto-seeded lesson 12',NULL,74),(1108,'Module 13 - 5	ai Course 14','Auto-seeded lesson 13',NULL,74),(1109,'Module 14 - 5	ai Course 14','Auto-seeded lesson 14',NULL,74),(1110,'Module 15 - 5	ai Course 14','Auto-seeded lesson 15',NULL,74),(1111,'Module 1 - 5	ai Course 15','Auto-seeded lesson 1',NULL,75),(1112,'Module 2 - 5	ai Course 15','Auto-seeded lesson 2',NULL,75),(1113,'Module 3 - 5	ai Course 15','Auto-seeded lesson 3',NULL,75),(1114,'Module 4 - 5	ai Course 15','Auto-seeded lesson 4',NULL,75),(1115,'Module 5 - 5	ai Course 15','Auto-seeded lesson 5',NULL,75),(1116,'Module 6 - 5	ai Course 15','Auto-seeded lesson 6',NULL,75),(1117,'Module 7 - 5	ai Course 15','Auto-seeded lesson 7',NULL,75),(1118,'Module 8 - 5	ai Course 15','Auto-seeded lesson 8',NULL,75),(1119,'Module 9 - 5	ai Course 15','Auto-seeded lesson 9',NULL,75),(1120,'Module 10 - 5	ai Course 15','Auto-seeded lesson 10',NULL,75),(1121,'Module 11 - 5	ai Course 15','Auto-seeded lesson 11',NULL,75),(1122,'Module 12 - 5	ai Course 15','Auto-seeded lesson 12',NULL,75),(1123,'Module 13 - 5	ai Course 15','Auto-seeded lesson 13',NULL,75),(1124,'Module 14 - 5	ai Course 15','Auto-seeded lesson 14',NULL,75),(1125,'Module 15 - 5	ai Course 15','Auto-seeded lesson 15',NULL,75),(1126,'Module 1 - 6	networking Course 1','Auto-seeded lesson 1',NULL,76),(1127,'Module 2 - 6	networking Course 1','Auto-seeded lesson 2',NULL,76),(1128,'Module 3 - 6	networking Course 1','Auto-seeded lesson 3',NULL,76),(1129,'Module 4 - 6	networking Course 1','Auto-seeded lesson 4',NULL,76),(1130,'Module 5 - 6	networking Course 1','Auto-seeded lesson 5',NULL,76),(1131,'Module 6 - 6	networking Course 1','Auto-seeded lesson 6',NULL,76),(1132,'Module 7 - 6	networking Course 1','Auto-seeded lesson 7',NULL,76),(1133,'Module 8 - 6	networking Course 1','Auto-seeded lesson 8',NULL,76),(1134,'Module 9 - 6	networking Course 1','Auto-seeded lesson 9',NULL,76),(1135,'Module 10 - 6	networking Course 1','Auto-seeded lesson 10',NULL,76),(1136,'Module 11 - 6	networking Course 1','Auto-seeded lesson 11',NULL,76),(1137,'Module 12 - 6	networking Course 1','Auto-seeded lesson 12',NULL,76),(1138,'Module 13 - 6	networking Course 1','Auto-seeded lesson 13',NULL,76),(1139,'Module 14 - 6	networking Course 1','Auto-seeded lesson 14',NULL,76),(1140,'Module 15 - 6	networking Course 1','Auto-seeded lesson 15',NULL,76),(1141,'Module 1 - 6	networking Course 2','Auto-seeded lesson 1',NULL,77),(1142,'Module 2 - 6	networking Course 2','Auto-seeded lesson 2',NULL,77),(1143,'Module 3 - 6	networking Course 2','Auto-seeded lesson 3',NULL,77),(1144,'Module 4 - 6	networking Course 2','Auto-seeded lesson 4',NULL,77),(1145,'Module 5 - 6	networking Course 2','Auto-seeded lesson 5',NULL,77),(1146,'Module 6 - 6	networking Course 2','Auto-seeded lesson 6',NULL,77),(1147,'Module 7 - 6	networking Course 2','Auto-seeded lesson 7',NULL,77),(1148,'Module 8 - 6	networking Course 2','Auto-seeded lesson 8',NULL,77),(1149,'Module 9 - 6	networking Course 2','Auto-seeded lesson 9',NULL,77),(1150,'Module 10 - 6	networking Course 2','Auto-seeded lesson 10',NULL,77),(1151,'Module 11 - 6	networking Course 2','Auto-seeded lesson 11',NULL,77),(1152,'Module 12 - 6	networking Course 2','Auto-seeded lesson 12',NULL,77),(1153,'Module 13 - 6	networking Course 2','Auto-seeded lesson 13',NULL,77),(1154,'Module 14 - 6	networking Course 2','Auto-seeded lesson 14',NULL,77),(1155,'Module 15 - 6	networking Course 2','Auto-seeded lesson 15',NULL,77),(1156,'Module 1 - 6	networking Course 3','Auto-seeded lesson 1',NULL,78),(1157,'Module 2 - 6	networking Course 3','Auto-seeded lesson 2',NULL,78),(1158,'Module 3 - 6	networking Course 3','Auto-seeded lesson 3',NULL,78),(1159,'Module 4 - 6	networking Course 3','Auto-seeded lesson 4',NULL,78),(1160,'Module 5 - 6	networking Course 3','Auto-seeded lesson 5',NULL,78),(1161,'Module 6 - 6	networking Course 3','Auto-seeded lesson 6',NULL,78),(1162,'Module 7 - 6	networking Course 3','Auto-seeded lesson 7',NULL,78),(1163,'Module 8 - 6	networking Course 3','Auto-seeded lesson 8',NULL,78),(1164,'Module 9 - 6	networking Course 3','Auto-seeded lesson 9',NULL,78),(1165,'Module 10 - 6	networking Course 3','Auto-seeded lesson 10',NULL,78),(1166,'Module 11 - 6	networking Course 3','Auto-seeded lesson 11',NULL,78),(1167,'Module 12 - 6	networking Course 3','Auto-seeded lesson 12',NULL,78),(1168,'Module 13 - 6	networking Course 3','Auto-seeded lesson 13',NULL,78),(1169,'Module 14 - 6	networking Course 3','Auto-seeded lesson 14',NULL,78),(1170,'Module 15 - 6	networking Course 3','Auto-seeded lesson 15',NULL,78),(1171,'Module 1 - 6	networking Course 4','Auto-seeded lesson 1',NULL,79),(1172,'Module 2 - 6	networking Course 4','Auto-seeded lesson 2',NULL,79),(1173,'Module 3 - 6	networking Course 4','Auto-seeded lesson 3',NULL,79),(1174,'Module 4 - 6	networking Course 4','Auto-seeded lesson 4',NULL,79),(1175,'Module 5 - 6	networking Course 4','Auto-seeded lesson 5',NULL,79),(1176,'Module 6 - 6	networking Course 4','Auto-seeded lesson 6',NULL,79),(1177,'Module 7 - 6	networking Course 4','Auto-seeded lesson 7',NULL,79),(1178,'Module 8 - 6	networking Course 4','Auto-seeded lesson 8',NULL,79),(1179,'Module 9 - 6	networking Course 4','Auto-seeded lesson 9',NULL,79),(1180,'Module 10 - 6	networking Course 4','Auto-seeded lesson 10',NULL,79),(1181,'Module 11 - 6	networking Course 4','Auto-seeded lesson 11',NULL,79),(1182,'Module 12 - 6	networking Course 4','Auto-seeded lesson 12',NULL,79),(1183,'Module 13 - 6	networking Course 4','Auto-seeded lesson 13',NULL,79),(1184,'Module 14 - 6	networking Course 4','Auto-seeded lesson 14',NULL,79),(1185,'Module 15 - 6	networking Course 4','Auto-seeded lesson 15',NULL,79),(1186,'Module 1 - 6	networking Course 5','Auto-seeded lesson 1',NULL,80),(1187,'Module 2 - 6	networking Course 5','Auto-seeded lesson 2',NULL,80),(1188,'Module 3 - 6	networking Course 5','Auto-seeded lesson 3',NULL,80),(1189,'Module 4 - 6	networking Course 5','Auto-seeded lesson 4',NULL,80),(1190,'Module 5 - 6	networking Course 5','Auto-seeded lesson 5',NULL,80),(1191,'Module 6 - 6	networking Course 5','Auto-seeded lesson 6',NULL,80),(1192,'Module 7 - 6	networking Course 5','Auto-seeded lesson 7',NULL,80),(1193,'Module 8 - 6	networking Course 5','Auto-seeded lesson 8',NULL,80),(1194,'Module 9 - 6	networking Course 5','Auto-seeded lesson 9',NULL,80),(1195,'Module 10 - 6	networking Course 5','Auto-seeded lesson 10',NULL,80),(1196,'Module 11 - 6	networking Course 5','Auto-seeded lesson 11',NULL,80),(1197,'Module 12 - 6	networking Course 5','Auto-seeded lesson 12',NULL,80),(1198,'Module 13 - 6	networking Course 5','Auto-seeded lesson 13',NULL,80),(1199,'Module 14 - 6	networking Course 5','Auto-seeded lesson 14',NULL,80),(1200,'Module 15 - 6	networking Course 5','Auto-seeded lesson 15',NULL,80),(1201,'Module 1 - 6	networking Course 6','Auto-seeded lesson 1',NULL,81),(1202,'Module 2 - 6	networking Course 6','Auto-seeded lesson 2',NULL,81),(1203,'Module 3 - 6	networking Course 6','Auto-seeded lesson 3',NULL,81),(1204,'Module 4 - 6	networking Course 6','Auto-seeded lesson 4',NULL,81),(1205,'Module 5 - 6	networking Course 6','Auto-seeded lesson 5',NULL,81),(1206,'Module 6 - 6	networking Course 6','Auto-seeded lesson 6',NULL,81),(1207,'Module 7 - 6	networking Course 6','Auto-seeded lesson 7',NULL,81),(1208,'Module 8 - 6	networking Course 6','Auto-seeded lesson 8',NULL,81),(1209,'Module 9 - 6	networking Course 6','Auto-seeded lesson 9',NULL,81),(1210,'Module 10 - 6	networking Course 6','Auto-seeded lesson 10',NULL,81),(1211,'Module 11 - 6	networking Course 6','Auto-seeded lesson 11',NULL,81),(1212,'Module 12 - 6	networking Course 6','Auto-seeded lesson 12',NULL,81),(1213,'Module 13 - 6	networking Course 6','Auto-seeded lesson 13',NULL,81),(1214,'Module 14 - 6	networking Course 6','Auto-seeded lesson 14',NULL,81),(1215,'Module 15 - 6	networking Course 6','Auto-seeded lesson 15',NULL,81),(1216,'Module 1 - 6	networking Course 7','Auto-seeded lesson 1',NULL,82),(1217,'Module 2 - 6	networking Course 7','Auto-seeded lesson 2',NULL,82),(1218,'Module 3 - 6	networking Course 7','Auto-seeded lesson 3',NULL,82),(1219,'Module 4 - 6	networking Course 7','Auto-seeded lesson 4',NULL,82),(1220,'Module 5 - 6	networking Course 7','Auto-seeded lesson 5',NULL,82),(1221,'Module 6 - 6	networking Course 7','Auto-seeded lesson 6',NULL,82),(1222,'Module 7 - 6	networking Course 7','Auto-seeded lesson 7',NULL,82),(1223,'Module 8 - 6	networking Course 7','Auto-seeded lesson 8',NULL,82),(1224,'Module 9 - 6	networking Course 7','Auto-seeded lesson 9',NULL,82),(1225,'Module 10 - 6	networking Course 7','Auto-seeded lesson 10',NULL,82),(1226,'Module 11 - 6	networking Course 7','Auto-seeded lesson 11',NULL,82),(1227,'Module 12 - 6	networking Course 7','Auto-seeded lesson 12',NULL,82),(1228,'Module 13 - 6	networking Course 7','Auto-seeded lesson 13',NULL,82),(1229,'Module 14 - 6	networking Course 7','Auto-seeded lesson 14',NULL,82),(1230,'Module 15 - 6	networking Course 7','Auto-seeded lesson 15',NULL,82),(1231,'Module 1 - 6	networking Course 8','Auto-seeded lesson 1',NULL,83),(1232,'Module 2 - 6	networking Course 8','Auto-seeded lesson 2',NULL,83),(1233,'Module 3 - 6	networking Course 8','Auto-seeded lesson 3',NULL,83),(1234,'Module 4 - 6	networking Course 8','Auto-seeded lesson 4',NULL,83),(1235,'Module 5 - 6	networking Course 8','Auto-seeded lesson 5',NULL,83),(1236,'Module 6 - 6	networking Course 8','Auto-seeded lesson 6',NULL,83),(1237,'Module 7 - 6	networking Course 8','Auto-seeded lesson 7',NULL,83),(1238,'Module 8 - 6	networking Course 8','Auto-seeded lesson 8',NULL,83),(1239,'Module 9 - 6	networking Course 8','Auto-seeded lesson 9',NULL,83),(1240,'Module 10 - 6	networking Course 8','Auto-seeded lesson 10',NULL,83),(1241,'Module 11 - 6	networking Course 8','Auto-seeded lesson 11',NULL,83),(1242,'Module 12 - 6	networking Course 8','Auto-seeded lesson 12',NULL,83),(1243,'Module 13 - 6	networking Course 8','Auto-seeded lesson 13',NULL,83),(1244,'Module 14 - 6	networking Course 8','Auto-seeded lesson 14',NULL,83),(1245,'Module 15 - 6	networking Course 8','Auto-seeded lesson 15',NULL,83),(1246,'Module 1 - 6	networking Course 9','Auto-seeded lesson 1',NULL,84),(1247,'Module 2 - 6	networking Course 9','Auto-seeded lesson 2',NULL,84),(1248,'Module 3 - 6	networking Course 9','Auto-seeded lesson 3',NULL,84),(1249,'Module 4 - 6	networking Course 9','Auto-seeded lesson 4',NULL,84),(1250,'Module 5 - 6	networking Course 9','Auto-seeded lesson 5',NULL,84),(1251,'Module 6 - 6	networking Course 9','Auto-seeded lesson 6',NULL,84),(1252,'Module 7 - 6	networking Course 9','Auto-seeded lesson 7',NULL,84),(1253,'Module 8 - 6	networking Course 9','Auto-seeded lesson 8',NULL,84),(1254,'Module 9 - 6	networking Course 9','Auto-seeded lesson 9',NULL,84),(1255,'Module 10 - 6	networking Course 9','Auto-seeded lesson 10',NULL,84),(1256,'Module 11 - 6	networking Course 9','Auto-seeded lesson 11',NULL,84),(1257,'Module 12 - 6	networking Course 9','Auto-seeded lesson 12',NULL,84),(1258,'Module 13 - 6	networking Course 9','Auto-seeded lesson 13',NULL,84),(1259,'Module 14 - 6	networking Course 9','Auto-seeded lesson 14',NULL,84),(1260,'Module 15 - 6	networking Course 9','Auto-seeded lesson 15',NULL,84),(1261,'Module 1 - 6	networking Course 10','Auto-seeded lesson 1',NULL,85),(1262,'Module 2 - 6	networking Course 10','Auto-seeded lesson 2',NULL,85),(1263,'Module 3 - 6	networking Course 10','Auto-seeded lesson 3',NULL,85),(1264,'Module 4 - 6	networking Course 10','Auto-seeded lesson 4',NULL,85),(1265,'Module 5 - 6	networking Course 10','Auto-seeded lesson 5',NULL,85),(1266,'Module 6 - 6	networking Course 10','Auto-seeded lesson 6',NULL,85),(1267,'Module 7 - 6	networking Course 10','Auto-seeded lesson 7',NULL,85),(1268,'Module 8 - 6	networking Course 10','Auto-seeded lesson 8',NULL,85),(1269,'Module 9 - 6	networking Course 10','Auto-seeded lesson 9',NULL,85),(1270,'Module 10 - 6	networking Course 10','Auto-seeded lesson 10',NULL,85),(1271,'Module 11 - 6	networking Course 10','Auto-seeded lesson 11',NULL,85),(1272,'Module 12 - 6	networking Course 10','Auto-seeded lesson 12',NULL,85),(1273,'Module 13 - 6	networking Course 10','Auto-seeded lesson 13',NULL,85),(1274,'Module 14 - 6	networking Course 10','Auto-seeded lesson 14',NULL,85),(1275,'Module 15 - 6	networking Course 10','Auto-seeded lesson 15',NULL,85),(1276,'Module 1 - 6	networking Course 11','Auto-seeded lesson 1',NULL,86),(1277,'Module 2 - 6	networking Course 11','Auto-seeded lesson 2',NULL,86),(1278,'Module 3 - 6	networking Course 11','Auto-seeded lesson 3',NULL,86),(1279,'Module 4 - 6	networking Course 11','Auto-seeded lesson 4',NULL,86),(1280,'Module 5 - 6	networking Course 11','Auto-seeded lesson 5',NULL,86),(1281,'Module 6 - 6	networking Course 11','Auto-seeded lesson 6',NULL,86),(1282,'Module 7 - 6	networking Course 11','Auto-seeded lesson 7',NULL,86),(1283,'Module 8 - 6	networking Course 11','Auto-seeded lesson 8',NULL,86),(1284,'Module 9 - 6	networking Course 11','Auto-seeded lesson 9',NULL,86),(1285,'Module 10 - 6	networking Course 11','Auto-seeded lesson 10',NULL,86),(1286,'Module 11 - 6	networking Course 11','Auto-seeded lesson 11',NULL,86),(1287,'Module 12 - 6	networking Course 11','Auto-seeded lesson 12',NULL,86),(1288,'Module 13 - 6	networking Course 11','Auto-seeded lesson 13',NULL,86),(1289,'Module 14 - 6	networking Course 11','Auto-seeded lesson 14',NULL,86),(1290,'Module 15 - 6	networking Course 11','Auto-seeded lesson 15',NULL,86),(1291,'Module 1 - 6	networking Course 12','Auto-seeded lesson 1',NULL,87),(1292,'Module 2 - 6	networking Course 12','Auto-seeded lesson 2',NULL,87),(1293,'Module 3 - 6	networking Course 12','Auto-seeded lesson 3',NULL,87),(1294,'Module 4 - 6	networking Course 12','Auto-seeded lesson 4',NULL,87),(1295,'Module 5 - 6	networking Course 12','Auto-seeded lesson 5',NULL,87),(1296,'Module 6 - 6	networking Course 12','Auto-seeded lesson 6',NULL,87),(1297,'Module 7 - 6	networking Course 12','Auto-seeded lesson 7',NULL,87),(1298,'Module 8 - 6	networking Course 12','Auto-seeded lesson 8',NULL,87),(1299,'Module 9 - 6	networking Course 12','Auto-seeded lesson 9',NULL,87),(1300,'Module 10 - 6	networking Course 12','Auto-seeded lesson 10',NULL,87),(1301,'Module 11 - 6	networking Course 12','Auto-seeded lesson 11',NULL,87),(1302,'Module 12 - 6	networking Course 12','Auto-seeded lesson 12',NULL,87),(1303,'Module 13 - 6	networking Course 12','Auto-seeded lesson 13',NULL,87),(1304,'Module 14 - 6	networking Course 12','Auto-seeded lesson 14',NULL,87),(1305,'Module 15 - 6	networking Course 12','Auto-seeded lesson 15',NULL,87),(1306,'Module 1 - 6	networking Course 13','Auto-seeded lesson 1',NULL,88),(1307,'Module 2 - 6	networking Course 13','Auto-seeded lesson 2',NULL,88),(1308,'Module 3 - 6	networking Course 13','Auto-seeded lesson 3',NULL,88),(1309,'Module 4 - 6	networking Course 13','Auto-seeded lesson 4',NULL,88),(1310,'Module 5 - 6	networking Course 13','Auto-seeded lesson 5',NULL,88),(1311,'Module 6 - 6	networking Course 13','Auto-seeded lesson 6',NULL,88),(1312,'Module 7 - 6	networking Course 13','Auto-seeded lesson 7',NULL,88),(1313,'Module 8 - 6	networking Course 13','Auto-seeded lesson 8',NULL,88),(1314,'Module 9 - 6	networking Course 13','Auto-seeded lesson 9',NULL,88),(1315,'Module 10 - 6	networking Course 13','Auto-seeded lesson 10',NULL,88),(1316,'Module 11 - 6	networking Course 13','Auto-seeded lesson 11',NULL,88),(1317,'Module 12 - 6	networking Course 13','Auto-seeded lesson 12',NULL,88),(1318,'Module 13 - 6	networking Course 13','Auto-seeded lesson 13',NULL,88),(1319,'Module 14 - 6	networking Course 13','Auto-seeded lesson 14',NULL,88),(1320,'Module 15 - 6	networking Course 13','Auto-seeded lesson 15',NULL,88),(1321,'Module 1 - 6	networking Course 14','Auto-seeded lesson 1',NULL,89),(1322,'Module 2 - 6	networking Course 14','Auto-seeded lesson 2',NULL,89),(1323,'Module 3 - 6	networking Course 14','Auto-seeded lesson 3',NULL,89),(1324,'Module 4 - 6	networking Course 14','Auto-seeded lesson 4',NULL,89),(1325,'Module 5 - 6	networking Course 14','Auto-seeded lesson 5',NULL,89),(1326,'Module 6 - 6	networking Course 14','Auto-seeded lesson 6',NULL,89),(1327,'Module 7 - 6	networking Course 14','Auto-seeded lesson 7',NULL,89),(1328,'Module 8 - 6	networking Course 14','Auto-seeded lesson 8',NULL,89),(1329,'Module 9 - 6	networking Course 14','Auto-seeded lesson 9',NULL,89),(1330,'Module 10 - 6	networking Course 14','Auto-seeded lesson 10',NULL,89),(1331,'Module 11 - 6	networking Course 14','Auto-seeded lesson 11',NULL,89),(1332,'Module 12 - 6	networking Course 14','Auto-seeded lesson 12',NULL,89),(1333,'Module 13 - 6	networking Course 14','Auto-seeded lesson 13',NULL,89),(1334,'Module 14 - 6	networking Course 14','Auto-seeded lesson 14',NULL,89),(1335,'Module 15 - 6	networking Course 14','Auto-seeded lesson 15',NULL,89),(1336,'Module 1 - 6	networking Course 15','Auto-seeded lesson 1',NULL,90),(1337,'Module 2 - 6	networking Course 15','Auto-seeded lesson 2',NULL,90),(1338,'Module 3 - 6	networking Course 15','Auto-seeded lesson 3',NULL,90),(1339,'Module 4 - 6	networking Course 15','Auto-seeded lesson 4',NULL,90),(1340,'Module 5 - 6	networking Course 15','Auto-seeded lesson 5',NULL,90),(1341,'Module 6 - 6	networking Course 15','Auto-seeded lesson 6',NULL,90),(1342,'Module 7 - 6	networking Course 15','Auto-seeded lesson 7',NULL,90),(1343,'Module 8 - 6	networking Course 15','Auto-seeded lesson 8',NULL,90),(1344,'Module 9 - 6	networking Course 15','Auto-seeded lesson 9',NULL,90),(1345,'Module 10 - 6	networking Course 15','Auto-seeded lesson 10',NULL,90),(1346,'Module 11 - 6	networking Course 15','Auto-seeded lesson 11',NULL,90),(1347,'Module 12 - 6	networking Course 15','Auto-seeded lesson 12',NULL,90),(1348,'Module 13 - 6	networking Course 15','Auto-seeded lesson 13',NULL,90),(1349,'Module 14 - 6	networking Course 15','Auto-seeded lesson 14',NULL,90),(1350,'Module 15 - 6	networking Course 15','Auto-seeded lesson 15',NULL,90),(1351,'Module 1 - 7	operating Course 1','Auto-seeded lesson 1',NULL,91),(1352,'Module 2 - 7	operating Course 1','Auto-seeded lesson 2',NULL,91),(1353,'Module 3 - 7	operating Course 1','Auto-seeded lesson 3',NULL,91),(1354,'Module 4 - 7	operating Course 1','Auto-seeded lesson 4',NULL,91),(1355,'Module 5 - 7	operating Course 1','Auto-seeded lesson 5',NULL,91),(1356,'Module 6 - 7	operating Course 1','Auto-seeded lesson 6',NULL,91),(1357,'Module 7 - 7	operating Course 1','Auto-seeded lesson 7',NULL,91),(1358,'Module 8 - 7	operating Course 1','Auto-seeded lesson 8',NULL,91),(1359,'Module 9 - 7	operating Course 1','Auto-seeded lesson 9',NULL,91),(1360,'Module 10 - 7	operating Course 1','Auto-seeded lesson 10',NULL,91),(1361,'Module 11 - 7	operating Course 1','Auto-seeded lesson 11',NULL,91),(1362,'Module 12 - 7	operating Course 1','Auto-seeded lesson 12',NULL,91),(1363,'Module 13 - 7	operating Course 1','Auto-seeded lesson 13',NULL,91),(1364,'Module 14 - 7	operating Course 1','Auto-seeded lesson 14',NULL,91),(1365,'Module 15 - 7	operating Course 1','Auto-seeded lesson 15',NULL,91),(1366,'Module 1 - 7	operating Course 2','Auto-seeded lesson 1',NULL,92),(1367,'Module 2 - 7	operating Course 2','Auto-seeded lesson 2',NULL,92),(1368,'Module 3 - 7	operating Course 2','Auto-seeded lesson 3',NULL,92),(1369,'Module 4 - 7	operating Course 2','Auto-seeded lesson 4',NULL,92),(1370,'Module 5 - 7	operating Course 2','Auto-seeded lesson 5',NULL,92),(1371,'Module 6 - 7	operating Course 2','Auto-seeded lesson 6',NULL,92),(1372,'Module 7 - 7	operating Course 2','Auto-seeded lesson 7',NULL,92),(1373,'Module 8 - 7	operating Course 2','Auto-seeded lesson 8',NULL,92),(1374,'Module 9 - 7	operating Course 2','Auto-seeded lesson 9',NULL,92),(1375,'Module 10 - 7	operating Course 2','Auto-seeded lesson 10',NULL,92),(1376,'Module 11 - 7	operating Course 2','Auto-seeded lesson 11',NULL,92),(1377,'Module 12 - 7	operating Course 2','Auto-seeded lesson 12',NULL,92),(1378,'Module 13 - 7	operating Course 2','Auto-seeded lesson 13',NULL,92),(1379,'Module 14 - 7	operating Course 2','Auto-seeded lesson 14',NULL,92),(1380,'Module 15 - 7	operating Course 2','Auto-seeded lesson 15',NULL,92),(1381,'Module 1 - 7	operating Course 3','Auto-seeded lesson 1',NULL,93),(1382,'Module 2 - 7	operating Course 3','Auto-seeded lesson 2',NULL,93),(1383,'Module 3 - 7	operating Course 3','Auto-seeded lesson 3',NULL,93),(1384,'Module 4 - 7	operating Course 3','Auto-seeded lesson 4',NULL,93),(1385,'Module 5 - 7	operating Course 3','Auto-seeded lesson 5',NULL,93),(1386,'Module 6 - 7	operating Course 3','Auto-seeded lesson 6',NULL,93),(1387,'Module 7 - 7	operating Course 3','Auto-seeded lesson 7',NULL,93),(1388,'Module 8 - 7	operating Course 3','Auto-seeded lesson 8',NULL,93),(1389,'Module 9 - 7	operating Course 3','Auto-seeded lesson 9',NULL,93),(1390,'Module 10 - 7	operating Course 3','Auto-seeded lesson 10',NULL,93),(1391,'Module 11 - 7	operating Course 3','Auto-seeded lesson 11',NULL,93),(1392,'Module 12 - 7	operating Course 3','Auto-seeded lesson 12',NULL,93),(1393,'Module 13 - 7	operating Course 3','Auto-seeded lesson 13',NULL,93),(1394,'Module 14 - 7	operating Course 3','Auto-seeded lesson 14',NULL,93),(1395,'Module 15 - 7	operating Course 3','Auto-seeded lesson 15',NULL,93),(1396,'Module 1 - 7	operating Course 4','Auto-seeded lesson 1',NULL,94),(1397,'Module 2 - 7	operating Course 4','Auto-seeded lesson 2',NULL,94),(1398,'Module 3 - 7	operating Course 4','Auto-seeded lesson 3',NULL,94),(1399,'Module 4 - 7	operating Course 4','Auto-seeded lesson 4',NULL,94),(1400,'Module 5 - 7	operating Course 4','Auto-seeded lesson 5',NULL,94),(1401,'Module 6 - 7	operating Course 4','Auto-seeded lesson 6',NULL,94),(1402,'Module 7 - 7	operating Course 4','Auto-seeded lesson 7',NULL,94),(1403,'Module 8 - 7	operating Course 4','Auto-seeded lesson 8',NULL,94),(1404,'Module 9 - 7	operating Course 4','Auto-seeded lesson 9',NULL,94),(1405,'Module 10 - 7	operating Course 4','Auto-seeded lesson 10',NULL,94),(1406,'Module 11 - 7	operating Course 4','Auto-seeded lesson 11',NULL,94),(1407,'Module 12 - 7	operating Course 4','Auto-seeded lesson 12',NULL,94),(1408,'Module 13 - 7	operating Course 4','Auto-seeded lesson 13',NULL,94),(1409,'Module 14 - 7	operating Course 4','Auto-seeded lesson 14',NULL,94),(1410,'Module 15 - 7	operating Course 4','Auto-seeded lesson 15',NULL,94),(1411,'Module 1 - 7	operating Course 5','Auto-seeded lesson 1',NULL,95),(1412,'Module 2 - 7	operating Course 5','Auto-seeded lesson 2',NULL,95),(1413,'Module 3 - 7	operating Course 5','Auto-seeded lesson 3',NULL,95),(1414,'Module 4 - 7	operating Course 5','Auto-seeded lesson 4',NULL,95),(1415,'Module 5 - 7	operating Course 5','Auto-seeded lesson 5',NULL,95),(1416,'Module 6 - 7	operating Course 5','Auto-seeded lesson 6',NULL,95),(1417,'Module 7 - 7	operating Course 5','Auto-seeded lesson 7',NULL,95),(1418,'Module 8 - 7	operating Course 5','Auto-seeded lesson 8',NULL,95),(1419,'Module 9 - 7	operating Course 5','Auto-seeded lesson 9',NULL,95),(1420,'Module 10 - 7	operating Course 5','Auto-seeded lesson 10',NULL,95),(1421,'Module 11 - 7	operating Course 5','Auto-seeded lesson 11',NULL,95),(1422,'Module 12 - 7	operating Course 5','Auto-seeded lesson 12',NULL,95),(1423,'Module 13 - 7	operating Course 5','Auto-seeded lesson 13',NULL,95),(1424,'Module 14 - 7	operating Course 5','Auto-seeded lesson 14',NULL,95),(1425,'Module 15 - 7	operating Course 5','Auto-seeded lesson 15',NULL,95),(1426,'Module 1 - 7	operating Course 6','Auto-seeded lesson 1',NULL,96),(1427,'Module 2 - 7	operating Course 6','Auto-seeded lesson 2',NULL,96),(1428,'Module 3 - 7	operating Course 6','Auto-seeded lesson 3',NULL,96),(1429,'Module 4 - 7	operating Course 6','Auto-seeded lesson 4',NULL,96),(1430,'Module 5 - 7	operating Course 6','Auto-seeded lesson 5',NULL,96),(1431,'Module 6 - 7	operating Course 6','Auto-seeded lesson 6',NULL,96),(1432,'Module 7 - 7	operating Course 6','Auto-seeded lesson 7',NULL,96),(1433,'Module 8 - 7	operating Course 6','Auto-seeded lesson 8',NULL,96),(1434,'Module 9 - 7	operating Course 6','Auto-seeded lesson 9',NULL,96),(1435,'Module 10 - 7	operating Course 6','Auto-seeded lesson 10',NULL,96),(1436,'Module 11 - 7	operating Course 6','Auto-seeded lesson 11',NULL,96),(1437,'Module 12 - 7	operating Course 6','Auto-seeded lesson 12',NULL,96),(1438,'Module 13 - 7	operating Course 6','Auto-seeded lesson 13',NULL,96),(1439,'Module 14 - 7	operating Course 6','Auto-seeded lesson 14',NULL,96),(1440,'Module 15 - 7	operating Course 6','Auto-seeded lesson 15',NULL,96),(1441,'Module 1 - 7	operating Course 7','Auto-seeded lesson 1',NULL,97),(1442,'Module 2 - 7	operating Course 7','Auto-seeded lesson 2',NULL,97),(1443,'Module 3 - 7	operating Course 7','Auto-seeded lesson 3',NULL,97),(1444,'Module 4 - 7	operating Course 7','Auto-seeded lesson 4',NULL,97),(1445,'Module 5 - 7	operating Course 7','Auto-seeded lesson 5',NULL,97),(1446,'Module 6 - 7	operating Course 7','Auto-seeded lesson 6',NULL,97),(1447,'Module 7 - 7	operating Course 7','Auto-seeded lesson 7',NULL,97),(1448,'Module 8 - 7	operating Course 7','Auto-seeded lesson 8',NULL,97),(1449,'Module 9 - 7	operating Course 7','Auto-seeded lesson 9',NULL,97),(1450,'Module 10 - 7	operating Course 7','Auto-seeded lesson 10',NULL,97),(1451,'Module 11 - 7	operating Course 7','Auto-seeded lesson 11',NULL,97),(1452,'Module 12 - 7	operating Course 7','Auto-seeded lesson 12',NULL,97),(1453,'Module 13 - 7	operating Course 7','Auto-seeded lesson 13',NULL,97),(1454,'Module 14 - 7	operating Course 7','Auto-seeded lesson 14',NULL,97),(1455,'Module 15 - 7	operating Course 7','Auto-seeded lesson 15',NULL,97),(1456,'Module 1 - 7	operating Course 8','Auto-seeded lesson 1',NULL,98),(1457,'Module 2 - 7	operating Course 8','Auto-seeded lesson 2',NULL,98),(1458,'Module 3 - 7	operating Course 8','Auto-seeded lesson 3',NULL,98),(1459,'Module 4 - 7	operating Course 8','Auto-seeded lesson 4',NULL,98),(1460,'Module 5 - 7	operating Course 8','Auto-seeded lesson 5',NULL,98),(1461,'Module 6 - 7	operating Course 8','Auto-seeded lesson 6',NULL,98),(1462,'Module 7 - 7	operating Course 8','Auto-seeded lesson 7',NULL,98),(1463,'Module 8 - 7	operating Course 8','Auto-seeded lesson 8',NULL,98),(1464,'Module 9 - 7	operating Course 8','Auto-seeded lesson 9',NULL,98),(1465,'Module 10 - 7	operating Course 8','Auto-seeded lesson 10',NULL,98),(1466,'Module 11 - 7	operating Course 8','Auto-seeded lesson 11',NULL,98),(1467,'Module 12 - 7	operating Course 8','Auto-seeded lesson 12',NULL,98),(1468,'Module 13 - 7	operating Course 8','Auto-seeded lesson 13',NULL,98),(1469,'Module 14 - 7	operating Course 8','Auto-seeded lesson 14',NULL,98),(1470,'Module 15 - 7	operating Course 8','Auto-seeded lesson 15',NULL,98),(1471,'Module 1 - 7	operating Course 9','Auto-seeded lesson 1',NULL,99),(1472,'Module 2 - 7	operating Course 9','Auto-seeded lesson 2',NULL,99),(1473,'Module 3 - 7	operating Course 9','Auto-seeded lesson 3',NULL,99),(1474,'Module 4 - 7	operating Course 9','Auto-seeded lesson 4',NULL,99),(1475,'Module 5 - 7	operating Course 9','Auto-seeded lesson 5',NULL,99),(1476,'Module 6 - 7	operating Course 9','Auto-seeded lesson 6',NULL,99),(1477,'Module 7 - 7	operating Course 9','Auto-seeded lesson 7',NULL,99),(1478,'Module 8 - 7	operating Course 9','Auto-seeded lesson 8',NULL,99),(1479,'Module 9 - 7	operating Course 9','Auto-seeded lesson 9',NULL,99),(1480,'Module 10 - 7	operating Course 9','Auto-seeded lesson 10',NULL,99),(1481,'Module 11 - 7	operating Course 9','Auto-seeded lesson 11',NULL,99),(1482,'Module 12 - 7	operating Course 9','Auto-seeded lesson 12',NULL,99),(1483,'Module 13 - 7	operating Course 9','Auto-seeded lesson 13',NULL,99),(1484,'Module 14 - 7	operating Course 9','Auto-seeded lesson 14',NULL,99),(1485,'Module 15 - 7	operating Course 9','Auto-seeded lesson 15',NULL,99),(1486,'Module 1 - 7	operating Course 10','Auto-seeded lesson 1',NULL,100),(1487,'Module 2 - 7	operating Course 10','Auto-seeded lesson 2',NULL,100),(1488,'Module 3 - 7	operating Course 10','Auto-seeded lesson 3',NULL,100),(1489,'Module 4 - 7	operating Course 10','Auto-seeded lesson 4',NULL,100),(1490,'Module 5 - 7	operating Course 10','Auto-seeded lesson 5',NULL,100),(1491,'Module 6 - 7	operating Course 10','Auto-seeded lesson 6',NULL,100),(1492,'Module 7 - 7	operating Course 10','Auto-seeded lesson 7',NULL,100),(1493,'Module 8 - 7	operating Course 10','Auto-seeded lesson 8',NULL,100),(1494,'Module 9 - 7	operating Course 10','Auto-seeded lesson 9',NULL,100),(1495,'Module 10 - 7	operating Course 10','Auto-seeded lesson 10',NULL,100),(1496,'Module 11 - 7	operating Course 10','Auto-seeded lesson 11',NULL,100),(1497,'Module 12 - 7	operating Course 10','Auto-seeded lesson 12',NULL,100),(1498,'Module 13 - 7	operating Course 10','Auto-seeded lesson 13',NULL,100),(1499,'Module 14 - 7	operating Course 10','Auto-seeded lesson 14',NULL,100),(1500,'Module 15 - 7	operating Course 10','Auto-seeded lesson 15',NULL,100),(1501,'Module 1 - 7	operating Course 11','Auto-seeded lesson 1',NULL,101),(1502,'Module 2 - 7	operating Course 11','Auto-seeded lesson 2',NULL,101),(1503,'Module 3 - 7	operating Course 11','Auto-seeded lesson 3',NULL,101),(1504,'Module 4 - 7	operating Course 11','Auto-seeded lesson 4',NULL,101),(1505,'Module 5 - 7	operating Course 11','Auto-seeded lesson 5',NULL,101),(1506,'Module 6 - 7	operating Course 11','Auto-seeded lesson 6',NULL,101),(1507,'Module 7 - 7	operating Course 11','Auto-seeded lesson 7',NULL,101),(1508,'Module 8 - 7	operating Course 11','Auto-seeded lesson 8',NULL,101),(1509,'Module 9 - 7	operating Course 11','Auto-seeded lesson 9',NULL,101),(1510,'Module 10 - 7	operating Course 11','Auto-seeded lesson 10',NULL,101),(1511,'Module 11 - 7	operating Course 11','Auto-seeded lesson 11',NULL,101),(1512,'Module 12 - 7	operating Course 11','Auto-seeded lesson 12',NULL,101),(1513,'Module 13 - 7	operating Course 11','Auto-seeded lesson 13',NULL,101),(1514,'Module 14 - 7	operating Course 11','Auto-seeded lesson 14',NULL,101),(1515,'Module 15 - 7	operating Course 11','Auto-seeded lesson 15',NULL,101),(1516,'Module 1 - 7	operating Course 12','Auto-seeded lesson 1',NULL,102),(1517,'Module 2 - 7	operating Course 12','Auto-seeded lesson 2',NULL,102),(1518,'Module 3 - 7	operating Course 12','Auto-seeded lesson 3',NULL,102),(1519,'Module 4 - 7	operating Course 12','Auto-seeded lesson 4',NULL,102),(1520,'Module 5 - 7	operating Course 12','Auto-seeded lesson 5',NULL,102),(1521,'Module 6 - 7	operating Course 12','Auto-seeded lesson 6',NULL,102),(1522,'Module 7 - 7	operating Course 12','Auto-seeded lesson 7',NULL,102),(1523,'Module 8 - 7	operating Course 12','Auto-seeded lesson 8',NULL,102),(1524,'Module 9 - 7	operating Course 12','Auto-seeded lesson 9',NULL,102),(1525,'Module 10 - 7	operating Course 12','Auto-seeded lesson 10',NULL,102),(1526,'Module 11 - 7	operating Course 12','Auto-seeded lesson 11',NULL,102),(1527,'Module 12 - 7	operating Course 12','Auto-seeded lesson 12',NULL,102),(1528,'Module 13 - 7	operating Course 12','Auto-seeded lesson 13',NULL,102),(1529,'Module 14 - 7	operating Course 12','Auto-seeded lesson 14',NULL,102),(1530,'Module 15 - 7	operating Course 12','Auto-seeded lesson 15',NULL,102),(1531,'Module 1 - 7	operating Course 13','Auto-seeded lesson 1',NULL,103),(1532,'Module 2 - 7	operating Course 13','Auto-seeded lesson 2',NULL,103),(1533,'Module 3 - 7	operating Course 13','Auto-seeded lesson 3',NULL,103),(1534,'Module 4 - 7	operating Course 13','Auto-seeded lesson 4',NULL,103),(1535,'Module 5 - 7	operating Course 13','Auto-seeded lesson 5',NULL,103),(1536,'Module 6 - 7	operating Course 13','Auto-seeded lesson 6',NULL,103),(1537,'Module 7 - 7	operating Course 13','Auto-seeded lesson 7',NULL,103),(1538,'Module 8 - 7	operating Course 13','Auto-seeded lesson 8',NULL,103),(1539,'Module 9 - 7	operating Course 13','Auto-seeded lesson 9',NULL,103),(1540,'Module 10 - 7	operating Course 13','Auto-seeded lesson 10',NULL,103),(1541,'Module 11 - 7	operating Course 13','Auto-seeded lesson 11',NULL,103),(1542,'Module 12 - 7	operating Course 13','Auto-seeded lesson 12',NULL,103),(1543,'Module 13 - 7	operating Course 13','Auto-seeded lesson 13',NULL,103),(1544,'Module 14 - 7	operating Course 13','Auto-seeded lesson 14',NULL,103),(1545,'Module 15 - 7	operating Course 13','Auto-seeded lesson 15',NULL,103),(1546,'Module 1 - 7	operating Course 14','Auto-seeded lesson 1',NULL,104),(1547,'Module 2 - 7	operating Course 14','Auto-seeded lesson 2',NULL,104),(1548,'Module 3 - 7	operating Course 14','Auto-seeded lesson 3',NULL,104),(1549,'Module 4 - 7	operating Course 14','Auto-seeded lesson 4',NULL,104),(1550,'Module 5 - 7	operating Course 14','Auto-seeded lesson 5',NULL,104),(1551,'Module 6 - 7	operating Course 14','Auto-seeded lesson 6',NULL,104),(1552,'Module 7 - 7	operating Course 14','Auto-seeded lesson 7',NULL,104),(1553,'Module 8 - 7	operating Course 14','Auto-seeded lesson 8',NULL,104),(1554,'Module 9 - 7	operating Course 14','Auto-seeded lesson 9',NULL,104),(1555,'Module 10 - 7	operating Course 14','Auto-seeded lesson 10',NULL,104),(1556,'Module 11 - 7	operating Course 14','Auto-seeded lesson 11',NULL,104),(1557,'Module 12 - 7	operating Course 14','Auto-seeded lesson 12',NULL,104),(1558,'Module 13 - 7	operating Course 14','Auto-seeded lesson 13',NULL,104),(1559,'Module 14 - 7	operating Course 14','Auto-seeded lesson 14',NULL,104),(1560,'Module 15 - 7	operating Course 14','Auto-seeded lesson 15',NULL,104),(1561,'Module 1 - 7	operating Course 15','Auto-seeded lesson 1',NULL,105),(1562,'Module 2 - 7	operating Course 15','Auto-seeded lesson 2',NULL,105),(1563,'Module 3 - 7	operating Course 15','Auto-seeded lesson 3',NULL,105),(1564,'Module 4 - 7	operating Course 15','Auto-seeded lesson 4',NULL,105),(1565,'Module 5 - 7	operating Course 15','Auto-seeded lesson 5',NULL,105),(1566,'Module 6 - 7	operating Course 15','Auto-seeded lesson 6',NULL,105),(1567,'Module 7 - 7	operating Course 15','Auto-seeded lesson 7',NULL,105),(1568,'Module 8 - 7	operating Course 15','Auto-seeded lesson 8',NULL,105),(1569,'Module 9 - 7	operating Course 15','Auto-seeded lesson 9',NULL,105),(1570,'Module 10 - 7	operating Course 15','Auto-seeded lesson 10',NULL,105),(1571,'Module 11 - 7	operating Course 15','Auto-seeded lesson 11',NULL,105),(1572,'Module 12 - 7	operating Course 15','Auto-seeded lesson 12',NULL,105),(1573,'Module 13 - 7	operating Course 15','Auto-seeded lesson 13',NULL,105),(1574,'Module 14 - 7	operating Course 15','Auto-seeded lesson 14',NULL,105),(1575,'Module 15 - 7	operating Course 15','Auto-seeded lesson 15',NULL,105),(1576,'Module 1 - 8	programming Course 1','Auto-seeded lesson 1',NULL,106),(1577,'Module 2 - 8	programming Course 1','Auto-seeded lesson 2',NULL,106),(1578,'Module 3 - 8	programming Course 1','Auto-seeded lesson 3',NULL,106),(1579,'Module 4 - 8	programming Course 1','Auto-seeded lesson 4',NULL,106),(1580,'Module 5 - 8	programming Course 1','Auto-seeded lesson 5',NULL,106),(1581,'Module 6 - 8	programming Course 1','Auto-seeded lesson 6',NULL,106),(1582,'Module 7 - 8	programming Course 1','Auto-seeded lesson 7',NULL,106),(1583,'Module 8 - 8	programming Course 1','Auto-seeded lesson 8',NULL,106),(1584,'Module 9 - 8	programming Course 1','Auto-seeded lesson 9',NULL,106),(1585,'Module 10 - 8	programming Course 1','Auto-seeded lesson 10',NULL,106),(1586,'Module 11 - 8	programming Course 1','Auto-seeded lesson 11',NULL,106),(1587,'Module 12 - 8	programming Course 1','Auto-seeded lesson 12',NULL,106),(1588,'Module 13 - 8	programming Course 1','Auto-seeded lesson 13',NULL,106),(1589,'Module 14 - 8	programming Course 1','Auto-seeded lesson 14',NULL,106),(1590,'Module 15 - 8	programming Course 1','Auto-seeded lesson 15',NULL,106),(1591,'Module 1 - 8	programming Course 2','Auto-seeded lesson 1',NULL,107),(1592,'Module 2 - 8	programming Course 2','Auto-seeded lesson 2',NULL,107),(1593,'Module 3 - 8	programming Course 2','Auto-seeded lesson 3',NULL,107),(1594,'Module 4 - 8	programming Course 2','Auto-seeded lesson 4',NULL,107),(1595,'Module 5 - 8	programming Course 2','Auto-seeded lesson 5',NULL,107),(1596,'Module 6 - 8	programming Course 2','Auto-seeded lesson 6',NULL,107),(1597,'Module 7 - 8	programming Course 2','Auto-seeded lesson 7',NULL,107),(1598,'Module 8 - 8	programming Course 2','Auto-seeded lesson 8',NULL,107),(1599,'Module 9 - 8	programming Course 2','Auto-seeded lesson 9',NULL,107),(1600,'Module 10 - 8	programming Course 2','Auto-seeded lesson 10',NULL,107),(1601,'Module 11 - 8	programming Course 2','Auto-seeded lesson 11',NULL,107),(1602,'Module 12 - 8	programming Course 2','Auto-seeded lesson 12',NULL,107),(1603,'Module 13 - 8	programming Course 2','Auto-seeded lesson 13',NULL,107),(1604,'Module 14 - 8	programming Course 2','Auto-seeded lesson 14',NULL,107),(1605,'Module 15 - 8	programming Course 2','Auto-seeded lesson 15',NULL,107),(1606,'Module 1 - 8	programming Course 3','Auto-seeded lesson 1',NULL,108),(1607,'Module 2 - 8	programming Course 3','Auto-seeded lesson 2',NULL,108),(1608,'Module 3 - 8	programming Course 3','Auto-seeded lesson 3',NULL,108),(1609,'Module 4 - 8	programming Course 3','Auto-seeded lesson 4',NULL,108),(1610,'Module 5 - 8	programming Course 3','Auto-seeded lesson 5',NULL,108),(1611,'Module 6 - 8	programming Course 3','Auto-seeded lesson 6',NULL,108),(1612,'Module 7 - 8	programming Course 3','Auto-seeded lesson 7',NULL,108),(1613,'Module 8 - 8	programming Course 3','Auto-seeded lesson 8',NULL,108),(1614,'Module 9 - 8	programming Course 3','Auto-seeded lesson 9',NULL,108),(1615,'Module 10 - 8	programming Course 3','Auto-seeded lesson 10',NULL,108),(1616,'Module 11 - 8	programming Course 3','Auto-seeded lesson 11',NULL,108),(1617,'Module 12 - 8	programming Course 3','Auto-seeded lesson 12',NULL,108),(1618,'Module 13 - 8	programming Course 3','Auto-seeded lesson 13',NULL,108),(1619,'Module 14 - 8	programming Course 3','Auto-seeded lesson 14',NULL,108),(1620,'Module 15 - 8	programming Course 3','Auto-seeded lesson 15',NULL,108),(1621,'Module 1 - 8	programming Course 4','Auto-seeded lesson 1',NULL,109),(1622,'Module 2 - 8	programming Course 4','Auto-seeded lesson 2',NULL,109),(1623,'Module 3 - 8	programming Course 4','Auto-seeded lesson 3',NULL,109),(1624,'Module 4 - 8	programming Course 4','Auto-seeded lesson 4',NULL,109),(1625,'Module 5 - 8	programming Course 4','Auto-seeded lesson 5',NULL,109),(1626,'Module 6 - 8	programming Course 4','Auto-seeded lesson 6',NULL,109),(1627,'Module 7 - 8	programming Course 4','Auto-seeded lesson 7',NULL,109),(1628,'Module 8 - 8	programming Course 4','Auto-seeded lesson 8',NULL,109),(1629,'Module 9 - 8	programming Course 4','Auto-seeded lesson 9',NULL,109),(1630,'Module 10 - 8	programming Course 4','Auto-seeded lesson 10',NULL,109),(1631,'Module 11 - 8	programming Course 4','Auto-seeded lesson 11',NULL,109),(1632,'Module 12 - 8	programming Course 4','Auto-seeded lesson 12',NULL,109),(1633,'Module 13 - 8	programming Course 4','Auto-seeded lesson 13',NULL,109),(1634,'Module 14 - 8	programming Course 4','Auto-seeded lesson 14',NULL,109),(1635,'Module 15 - 8	programming Course 4','Auto-seeded lesson 15',NULL,109),(1636,'Module 1 - 8	programming Course 5','Auto-seeded lesson 1',NULL,110),(1637,'Module 2 - 8	programming Course 5','Auto-seeded lesson 2',NULL,110),(1638,'Module 3 - 8	programming Course 5','Auto-seeded lesson 3',NULL,110),(1639,'Module 4 - 8	programming Course 5','Auto-seeded lesson 4',NULL,110),(1640,'Module 5 - 8	programming Course 5','Auto-seeded lesson 5',NULL,110),(1641,'Module 6 - 8	programming Course 5','Auto-seeded lesson 6',NULL,110),(1642,'Module 7 - 8	programming Course 5','Auto-seeded lesson 7',NULL,110),(1643,'Module 8 - 8	programming Course 5','Auto-seeded lesson 8',NULL,110),(1644,'Module 9 - 8	programming Course 5','Auto-seeded lesson 9',NULL,110),(1645,'Module 10 - 8	programming Course 5','Auto-seeded lesson 10',NULL,110),(1646,'Module 11 - 8	programming Course 5','Auto-seeded lesson 11',NULL,110),(1647,'Module 12 - 8	programming Course 5','Auto-seeded lesson 12',NULL,110),(1648,'Module 13 - 8	programming Course 5','Auto-seeded lesson 13',NULL,110),(1649,'Module 14 - 8	programming Course 5','Auto-seeded lesson 14',NULL,110),(1650,'Module 15 - 8	programming Course 5','Auto-seeded lesson 15',NULL,110),(1651,'Module 1 - 8	programming Course 6','Auto-seeded lesson 1',NULL,111),(1652,'Module 2 - 8	programming Course 6','Auto-seeded lesson 2',NULL,111),(1653,'Module 3 - 8	programming Course 6','Auto-seeded lesson 3',NULL,111),(1654,'Module 4 - 8	programming Course 6','Auto-seeded lesson 4',NULL,111),(1655,'Module 5 - 8	programming Course 6','Auto-seeded lesson 5',NULL,111),(1656,'Module 6 - 8	programming Course 6','Auto-seeded lesson 6',NULL,111),(1657,'Module 7 - 8	programming Course 6','Auto-seeded lesson 7',NULL,111),(1658,'Module 8 - 8	programming Course 6','Auto-seeded lesson 8',NULL,111),(1659,'Module 9 - 8	programming Course 6','Auto-seeded lesson 9',NULL,111),(1660,'Module 10 - 8	programming Course 6','Auto-seeded lesson 10',NULL,111),(1661,'Module 11 - 8	programming Course 6','Auto-seeded lesson 11',NULL,111),(1662,'Module 12 - 8	programming Course 6','Auto-seeded lesson 12',NULL,111),(1663,'Module 13 - 8	programming Course 6','Auto-seeded lesson 13',NULL,111),(1664,'Module 14 - 8	programming Course 6','Auto-seeded lesson 14',NULL,111),(1665,'Module 15 - 8	programming Course 6','Auto-seeded lesson 15',NULL,111),(1666,'Module 1 - 8	programming Course 7','Auto-seeded lesson 1',NULL,112),(1667,'Module 2 - 8	programming Course 7','Auto-seeded lesson 2',NULL,112),(1668,'Module 3 - 8	programming Course 7','Auto-seeded lesson 3',NULL,112),(1669,'Module 4 - 8	programming Course 7','Auto-seeded lesson 4',NULL,112),(1670,'Module 5 - 8	programming Course 7','Auto-seeded lesson 5',NULL,112),(1671,'Module 6 - 8	programming Course 7','Auto-seeded lesson 6',NULL,112),(1672,'Module 7 - 8	programming Course 7','Auto-seeded lesson 7',NULL,112),(1673,'Module 8 - 8	programming Course 7','Auto-seeded lesson 8',NULL,112),(1674,'Module 9 - 8	programming Course 7','Auto-seeded lesson 9',NULL,112),(1675,'Module 10 - 8	programming Course 7','Auto-seeded lesson 10',NULL,112),(1676,'Module 11 - 8	programming Course 7','Auto-seeded lesson 11',NULL,112),(1677,'Module 12 - 8	programming Course 7','Auto-seeded lesson 12',NULL,112),(1678,'Module 13 - 8	programming Course 7','Auto-seeded lesson 13',NULL,112),(1679,'Module 14 - 8	programming Course 7','Auto-seeded lesson 14',NULL,112),(1680,'Module 15 - 8	programming Course 7','Auto-seeded lesson 15',NULL,112),(1681,'Module 1 - 8	programming Course 8','Auto-seeded lesson 1',NULL,113),(1682,'Module 2 - 8	programming Course 8','Auto-seeded lesson 2',NULL,113),(1683,'Module 3 - 8	programming Course 8','Auto-seeded lesson 3',NULL,113),(1684,'Module 4 - 8	programming Course 8','Auto-seeded lesson 4',NULL,113),(1685,'Module 5 - 8	programming Course 8','Auto-seeded lesson 5',NULL,113),(1686,'Module 6 - 8	programming Course 8','Auto-seeded lesson 6',NULL,113),(1687,'Module 7 - 8	programming Course 8','Auto-seeded lesson 7',NULL,113),(1688,'Module 8 - 8	programming Course 8','Auto-seeded lesson 8',NULL,113),(1689,'Module 9 - 8	programming Course 8','Auto-seeded lesson 9',NULL,113),(1690,'Module 10 - 8	programming Course 8','Auto-seeded lesson 10',NULL,113),(1691,'Module 11 - 8	programming Course 8','Auto-seeded lesson 11',NULL,113),(1692,'Module 12 - 8	programming Course 8','Auto-seeded lesson 12',NULL,113),(1693,'Module 13 - 8	programming Course 8','Auto-seeded lesson 13',NULL,113),(1694,'Module 14 - 8	programming Course 8','Auto-seeded lesson 14',NULL,113),(1695,'Module 15 - 8	programming Course 8','Auto-seeded lesson 15',NULL,113),(1696,'Module 1 - 8	programming Course 9','Auto-seeded lesson 1',NULL,114),(1697,'Module 2 - 8	programming Course 9','Auto-seeded lesson 2',NULL,114),(1698,'Module 3 - 8	programming Course 9','Auto-seeded lesson 3',NULL,114),(1699,'Module 4 - 8	programming Course 9','Auto-seeded lesson 4',NULL,114),(1700,'Module 5 - 8	programming Course 9','Auto-seeded lesson 5',NULL,114),(1701,'Module 6 - 8	programming Course 9','Auto-seeded lesson 6',NULL,114),(1702,'Module 7 - 8	programming Course 9','Auto-seeded lesson 7',NULL,114),(1703,'Module 8 - 8	programming Course 9','Auto-seeded lesson 8',NULL,114),(1704,'Module 9 - 8	programming Course 9','Auto-seeded lesson 9',NULL,114),(1705,'Module 10 - 8	programming Course 9','Auto-seeded lesson 10',NULL,114),(1706,'Module 11 - 8	programming Course 9','Auto-seeded lesson 11',NULL,114),(1707,'Module 12 - 8	programming Course 9','Auto-seeded lesson 12',NULL,114),(1708,'Module 13 - 8	programming Course 9','Auto-seeded lesson 13',NULL,114),(1709,'Module 14 - 8	programming Course 9','Auto-seeded lesson 14',NULL,114),(1710,'Module 15 - 8	programming Course 9','Auto-seeded lesson 15',NULL,114),(1711,'Module 1 - 8	programming Course 10','Auto-seeded lesson 1',NULL,115),(1712,'Module 2 - 8	programming Course 10','Auto-seeded lesson 2',NULL,115),(1713,'Module 3 - 8	programming Course 10','Auto-seeded lesson 3',NULL,115),(1714,'Module 4 - 8	programming Course 10','Auto-seeded lesson 4',NULL,115),(1715,'Module 5 - 8	programming Course 10','Auto-seeded lesson 5',NULL,115),(1716,'Module 6 - 8	programming Course 10','Auto-seeded lesson 6',NULL,115),(1717,'Module 7 - 8	programming Course 10','Auto-seeded lesson 7',NULL,115),(1718,'Module 8 - 8	programming Course 10','Auto-seeded lesson 8',NULL,115),(1719,'Module 9 - 8	programming Course 10','Auto-seeded lesson 9',NULL,115),(1720,'Module 10 - 8	programming Course 10','Auto-seeded lesson 10',NULL,115),(1721,'Module 11 - 8	programming Course 10','Auto-seeded lesson 11',NULL,115),(1722,'Module 12 - 8	programming Course 10','Auto-seeded lesson 12',NULL,115),(1723,'Module 13 - 8	programming Course 10','Auto-seeded lesson 13',NULL,115),(1724,'Module 14 - 8	programming Course 10','Auto-seeded lesson 14',NULL,115),(1725,'Module 15 - 8	programming Course 10','Auto-seeded lesson 15',NULL,115),(1726,'Module 1 - 8	programming Course 11','Auto-seeded lesson 1',NULL,116),(1727,'Module 2 - 8	programming Course 11','Auto-seeded lesson 2',NULL,116),(1728,'Module 3 - 8	programming Course 11','Auto-seeded lesson 3',NULL,116),(1729,'Module 4 - 8	programming Course 11','Auto-seeded lesson 4',NULL,116),(1730,'Module 5 - 8	programming Course 11','Auto-seeded lesson 5',NULL,116),(1731,'Module 6 - 8	programming Course 11','Auto-seeded lesson 6',NULL,116),(1732,'Module 7 - 8	programming Course 11','Auto-seeded lesson 7',NULL,116),(1733,'Module 8 - 8	programming Course 11','Auto-seeded lesson 8',NULL,116),(1734,'Module 9 - 8	programming Course 11','Auto-seeded lesson 9',NULL,116),(1735,'Module 10 - 8	programming Course 11','Auto-seeded lesson 10',NULL,116),(1736,'Module 11 - 8	programming Course 11','Auto-seeded lesson 11',NULL,116),(1737,'Module 12 - 8	programming Course 11','Auto-seeded lesson 12',NULL,116),(1738,'Module 13 - 8	programming Course 11','Auto-seeded lesson 13',NULL,116),(1739,'Module 14 - 8	programming Course 11','Auto-seeded lesson 14',NULL,116),(1740,'Module 15 - 8	programming Course 11','Auto-seeded lesson 15',NULL,116),(1741,'Module 1 - 8	programming Course 12','Auto-seeded lesson 1',NULL,117),(1742,'Module 2 - 8	programming Course 12','Auto-seeded lesson 2',NULL,117),(1743,'Module 3 - 8	programming Course 12','Auto-seeded lesson 3',NULL,117),(1744,'Module 4 - 8	programming Course 12','Auto-seeded lesson 4',NULL,117),(1745,'Module 5 - 8	programming Course 12','Auto-seeded lesson 5',NULL,117),(1746,'Module 6 - 8	programming Course 12','Auto-seeded lesson 6',NULL,117),(1747,'Module 7 - 8	programming Course 12','Auto-seeded lesson 7',NULL,117),(1748,'Module 8 - 8	programming Course 12','Auto-seeded lesson 8',NULL,117),(1749,'Module 9 - 8	programming Course 12','Auto-seeded lesson 9',NULL,117),(1750,'Module 10 - 8	programming Course 12','Auto-seeded lesson 10',NULL,117),(1751,'Module 11 - 8	programming Course 12','Auto-seeded lesson 11',NULL,117),(1752,'Module 12 - 8	programming Course 12','Auto-seeded lesson 12',NULL,117),(1753,'Module 13 - 8	programming Course 12','Auto-seeded lesson 13',NULL,117),(1754,'Module 14 - 8	programming Course 12','Auto-seeded lesson 14',NULL,117),(1755,'Module 15 - 8	programming Course 12','Auto-seeded lesson 15',NULL,117),(1756,'Module 1 - 8	programming Course 13','Auto-seeded lesson 1',NULL,118),(1757,'Module 2 - 8	programming Course 13','Auto-seeded lesson 2',NULL,118),(1758,'Module 3 - 8	programming Course 13','Auto-seeded lesson 3',NULL,118),(1759,'Module 4 - 8	programming Course 13','Auto-seeded lesson 4',NULL,118),(1760,'Module 5 - 8	programming Course 13','Auto-seeded lesson 5',NULL,118),(1761,'Module 6 - 8	programming Course 13','Auto-seeded lesson 6',NULL,118),(1762,'Module 7 - 8	programming Course 13','Auto-seeded lesson 7',NULL,118),(1763,'Module 8 - 8	programming Course 13','Auto-seeded lesson 8',NULL,118),(1764,'Module 9 - 8	programming Course 13','Auto-seeded lesson 9',NULL,118),(1765,'Module 10 - 8	programming Course 13','Auto-seeded lesson 10',NULL,118),(1766,'Module 11 - 8	programming Course 13','Auto-seeded lesson 11',NULL,118),(1767,'Module 12 - 8	programming Course 13','Auto-seeded lesson 12',NULL,118),(1768,'Module 13 - 8	programming Course 13','Auto-seeded lesson 13',NULL,118),(1769,'Module 14 - 8	programming Course 13','Auto-seeded lesson 14',NULL,118),(1770,'Module 15 - 8	programming Course 13','Auto-seeded lesson 15',NULL,118),(1771,'Module 1 - 8	programming Course 14','Auto-seeded lesson 1',NULL,119),(1772,'Module 2 - 8	programming Course 14','Auto-seeded lesson 2',NULL,119),(1773,'Module 3 - 8	programming Course 14','Auto-seeded lesson 3',NULL,119),(1774,'Module 4 - 8	programming Course 14','Auto-seeded lesson 4',NULL,119),(1775,'Module 5 - 8	programming Course 14','Auto-seeded lesson 5',NULL,119),(1776,'Module 6 - 8	programming Course 14','Auto-seeded lesson 6',NULL,119),(1777,'Module 7 - 8	programming Course 14','Auto-seeded lesson 7',NULL,119),(1778,'Module 8 - 8	programming Course 14','Auto-seeded lesson 8',NULL,119),(1779,'Module 9 - 8	programming Course 14','Auto-seeded lesson 9',NULL,119),(1780,'Module 10 - 8	programming Course 14','Auto-seeded lesson 10',NULL,119),(1781,'Module 11 - 8	programming Course 14','Auto-seeded lesson 11',NULL,119),(1782,'Module 12 - 8	programming Course 14','Auto-seeded lesson 12',NULL,119),(1783,'Module 13 - 8	programming Course 14','Auto-seeded lesson 13',NULL,119),(1784,'Module 14 - 8	programming Course 14','Auto-seeded lesson 14',NULL,119),(1785,'Module 15 - 8	programming Course 14','Auto-seeded lesson 15',NULL,119),(1786,'Module 1 - 8	programming Course 15','Auto-seeded lesson 1',NULL,120),(1787,'Module 2 - 8	programming Course 15','Auto-seeded lesson 2',NULL,120),(1788,'Module 3 - 8	programming Course 15','Auto-seeded lesson 3',NULL,120),(1789,'Module 4 - 8	programming Course 15','Auto-seeded lesson 4',NULL,120),(1790,'Module 5 - 8	programming Course 15','Auto-seeded lesson 5',NULL,120),(1791,'Module 6 - 8	programming Course 15','Auto-seeded lesson 6',NULL,120),(1792,'Module 7 - 8	programming Course 15','Auto-seeded lesson 7',NULL,120),(1793,'Module 8 - 8	programming Course 15','Auto-seeded lesson 8',NULL,120),(1794,'Module 9 - 8	programming Course 15','Auto-seeded lesson 9',NULL,120),(1795,'Module 10 - 8	programming Course 15','Auto-seeded lesson 10',NULL,120),(1796,'Module 11 - 8	programming Course 15','Auto-seeded lesson 11',NULL,120),(1797,'Module 12 - 8	programming Course 15','Auto-seeded lesson 12',NULL,120),(1798,'Module 13 - 8	programming Course 15','Auto-seeded lesson 13',NULL,120),(1799,'Module 14 - 8	programming Course 15','Auto-seeded lesson 14',NULL,120),(1800,'Module 15 - 8	programming Course 15','Auto-seeded lesson 15',NULL,120);
/*!40000 ALTER TABLE `lesson` ENABLE KEYS */;
UNLOCK TABLES;

--
-- Table structure for table `student`
--

DROP TABLE IF EXISTS `student`;
/*!40101 SET @saved_cs_client     = @@character_set_client */;
/*!50503 SET character_set_client = utf8mb4 */;
CREATE TABLE `student` (
  `stu_id` int unsigned NOT NULL AUTO_INCREMENT,
  `stu_name` varchar(191) NOT NULL,
  `stu_email` varchar(191) NOT NULL,
  `stu_pass` varchar(255) NOT NULL,
  `stu_occ` varchar(191) NOT NULL DEFAULT '',
  `stu_img` varchar(255) NOT NULL DEFAULT '',
  `created_at` timestamp NOT NULL DEFAULT CURRENT_TIMESTAMP,
  PRIMARY KEY (`stu_id`),
  UNIQUE KEY `uq_student_email` (`stu_email`)
) ENGINE=InnoDB DEFAULT CHARSET=utf8mb4 COLLATE=utf8mb4_0900_ai_ci;
/*!40101 SET character_set_client = @saved_cs_client */;

--
-- Dumping data for table `student`
--

LOCK TABLES `student` WRITE;
/*!40000 ALTER TABLE `student` DISABLE KEYS */;
/*!40000 ALTER TABLE `student` ENABLE KEYS */;
UNLOCK TABLES;

--
-- Temporary view structure for view `track`
--

DROP TABLE IF EXISTS `track`;
/*!50001 DROP VIEW IF EXISTS `track`*/;
SET @saved_cs_client     = @@character_set_client;
/*!50503 SET character_set_client = utf8mb4 */;
/*!50001 CREATE VIEW `track` AS SELECT 
 1 AS `track_id`,
 1 AS `track_name`,
 1 AS `track_desc`,
 1 AS `track_img`*/;
SET character_set_client = @saved_cs_client;

--
-- Table structure for table `tracks`
--

DROP TABLE IF EXISTS `tracks`;
/*!40101 SET @saved_cs_client     = @@character_set_client */;
/*!50503 SET character_set_client = utf8mb4 */;
CREATE TABLE `tracks` (
  `track_id` int unsigned NOT NULL AUTO_INCREMENT,
  `track_name` varchar(191) NOT NULL,
  `track_desc` text,
  `track_img` varchar(255) DEFAULT NULL,
  PRIMARY KEY (`track_id`),
  UNIQUE KEY `uq_track_name` (`track_name`)
) ENGINE=InnoDB AUTO_INCREMENT=9 DEFAULT CHARSET=utf8mb4 COLLATE=utf8mb4_0900_ai_ci;
/*!40101 SET character_set_client = @saved_cs_client */;

--
-- Dumping data for table `tracks`
--

LOCK TABLES `tracks` WRITE;
/*!40000 ALTER TABLE `tracks` DISABLE KEYS */;
INSERT INTO `tracks` VALUES (1,'Programming','Programming Track','image/TRACKIMAGES/programming.webp'),(2,'Data Science','Data Science Track','image/TRACKIMAGES/Data Science.jpeg'),(3,'Cyber Security','Cyber Security Track','image/TRACKIMAGES/CyberSecurity.webp'),(4,'DevOps','DevOps Track','image/TRACKIMAGES/DevOps.webp'),(5,'AWS Cloud','AWS Cloud Track','image/TRACKIMAGES/AWS-cloud.jpg'),(6,'AI','AI Track','image/TRACKIMAGES/ai.jpeg'),(7,'Networking','Networking Track','image/TRACKIMAGES/networking.jpeg'),(8,'Operating Systems','Operating Systems Track','image/TRACKIMAGES/operating.jpg');
/*!40000 ALTER TABLE `tracks` ENABLE KEYS */;
UNLOCK TABLES;

--
-- Final view structure for view `track`
--

/*!50001 DROP VIEW IF EXISTS `track`*/;
/*!50001 SET @saved_cs_client          = @@character_set_client */;
/*!50001 SET @saved_cs_results         = @@character_set_results */;
/*!50001 SET @saved_col_connection     = @@collation_connection */;
/*!50001 SET character_set_client      = latin1 */;
/*!50001 SET character_set_results     = latin1 */;
/*!50001 SET collation_connection      = latin1_swedish_ci */;
/*!50001 CREATE ALGORITHM=UNDEFINED */
/*!50013 DEFINER=`fayen`@`%` SQL SECURITY DEFINER */
/*!50001 VIEW `track` AS select `tracks`.`track_id` AS `track_id`,`tracks`.`track_name` AS `track_name`,`tracks`.`track_desc` AS `track_desc`,`tracks`.`track_img` AS `track_img` from `tracks` */;
/*!50001 SET character_set_client      = @saved_cs_client */;
/*!50001 SET character_set_results     = @saved_cs_results */;
/*!50001 SET collation_connection      = @saved_col_connection */;
/*!40103 SET TIME_ZONE=@OLD_TIME_ZONE */;

/*!40101 SET SQL_MODE=@OLD_SQL_MODE */;
/*!40014 SET FOREIGN_KEY_CHECKS=@OLD_FOREIGN_KEY_CHECKS */;
/*!40014 SET UNIQUE_CHECKS=@OLD_UNIQUE_CHECKS */;
/*!40101 SET CHARACTER_SET_CLIENT=@OLD_CHARACTER_SET_CLIENT */;
/*!40101 SET CHARACTER_SET_RESULTS=@OLD_CHARACTER_SET_RESULTS */;
/*!40101 SET COLLATION_CONNECTION=@OLD_COLLATION_CONNECTION */;
/*!40111 SET SQL_NOTES=@OLD_SQL_NOTES */;

-- Dump completed on 2026-03-18 13:39:19
